DATA,CODCLI,CODATV1,ESTENT,CODPROD,CODEPTO,CODSEC,CODMARCA,CODUSUR,QT,PVENDA,VLCUSTOFIN
2/01/2017,37011,131,PE,7730,1,10040,2,131,2,300,231.13
2/01/2017,37011,131,PE,7730,1,10040,2,131,2,300,231.13
2/01/2017,7782,203,PE,7708,1,10040,2,4,20,300,213.751759
3/01/2017,37088,131,PI,13637,10002,10031,39,133,2,300,210.01
5/01/2017,8739,131,RN,912460,1,10042,1,59,1,300,221.321206
5/01/2017,29470,201,CE,912835,1,10040,1,80,2,300,213.787781
5/01/2017,20682,101,PE,912835,1,10040,1,131,2,300,211.65
5/01/2017,11199,101,CE,97781,1,10042,3,262,4,300,225.729321
5/01/2017,34910,101,CE,912811,1,10040,1,30,4,300,227.824941
5/01/2017,37196,131,AL,912811,1,10040,1,31,2,300,227.348147
6/01/2017,10277,101,PE,97781,1,10042,3,7,2,300,225.73
6/01/2017,37291,131,PE,912835,1,10040,1,9,2,300,213.789998
6/01/2017,4243,202,CE,913619,1,10040,3,17,4,300,226.618499
6/01/2017,29470,201,CE,912835,1,10040,1,80,2,300,213.787781
9/01/2017,7689,201,AL,913619,1,10040,3,91,4,300,226.629
9/01/2017,37340,131,PE,912818,1,10040,1,9,2,300,209.13
9/01/2017,37371,131,AL,912818,1,10040,1,31,2,300,206.85
9/01/2017,37291,131,PE,912835,1,10040,1,9,2,300,213.789998
11/01/2017,22615,131,PI,912816,1,10040,1,133,1,300,207.98
12/01/2017,33067,131,MA,912849,1,10040,1,95,2,300,234.578586
12/01/2017,22172,101,PE,97781,1,10042,3,131,2,300,224.694375
13/01/2017,2035,203,PE,913619,1,10040,3,7,2,300,226.626703
13/01/2017,8049,102,CE,97781,1,10042,3,263,2,300,225.729321
13/01/2017,10281,131,RN,7586,1,10040,2,59,4,300,240.84
13/01/2017,37588,131,SE,912822,1,10040,1,158,1,300,209.44
17/01/2017,37747,101,CE,912811,1,10040,1,262,2,300,227.824941
17/01/2017,9346,101,PE,913770,1,10040,1,6,2,300,219.64
17/01/2017,37747,101,CE,912811,1,10040,1,262,2,300,227.824941
19/01/2017,24095,101,PI,97781,1,10042,3,133,2,300,234.291667
20/01/2017,29795,101,PB,13001,10002,10031,39,148,1,300,162.9
23/01/2017,2474,203,AL,913619,1,10040,3,91,4,300,226.629
23/01/2017,38035,131,PE,912816,1,10040,1,131,4,300,205.617694
23/01/2017,38035,131,PE,912816,1,10040,1,131,4,300,205.617694
25/01/2017,38128,101,PE,912816,1,10040,1,126,4,300,206.393077
25/01/2017,38128,101,PE,912816,1,10040,1,126,4,300,206.393077
25/01/2017,5457,201,CE,97781,1,10042,3,262,2,300,225.578296
26/01/2017,37947,101,PE,97781,1,10042,3,9,2,300,225.73
26/01/2017,9918,202,RN,913619,1,10040,3,59,2,300,226.63
26/01/2017,4880,201,AL,913619,1,10040,3,91,2,300,226.629
27/01/2017,38226,131,RN,912816,1,10040,1,127,2,300,201.918942
27/01/2017,38227,131,PE,912822,1,10040,1,9,2,300,209.966308
28/01/2017,16554,131,RN,912835,1,10040,1,127,2,300,211.240344
28/01/2017,38247,131,PE,13850,1,10042,59,36,2,300,198.369444
30/01/2017,38326,131,RN,912811,1,10040,1,127,4,300,224.126296
31/01/2017,16319,101,PI,912849,1,10040,1,28,4,300,234.579698
31/01/2017,38412,131,MA,912835,1,10040,1,170,4,300,211.2275
2/02/2017,33916,131,RN,912816,1,10040,1,164,2,300,201.92
3/02/2017,38534,131,PI,912816,1,10040,1,145,4,300,208.509613
3/02/2017,38520,131,AL,97801,1,10040,1,31,4,300,164.95625
3/02/2017,12293,101,PB,913088,1,10040,1,87,2,300,215.97689
4/02/2017,11655,101,MA,912835,1,10040,1,95,4,300,214.909496
4/02/2017,28983,131,CE,912835,1,10040,1,132,4,300,213.35
6/02/2017,20155,101,PI,912835,1,10040,1,133,2,300,220.06
6/02/2017,38609,131,PE,912818,1,10040,1,131,2,300,213.73
6/02/2017,38626,131,RN,912835,1,10040,1,164,2,300,211.24
6/02/2017,29982,211,CE,913619,1,10040,3,13,2,300,226.618499
6/02/2017,38609,131,PE,912818,1,10040,1,131,2,300,213.73
7/02/2017,34910,101,CE,913728,1,10040,3,176,2,300,218.444801
8/02/2017,38719,131,PE,912822,1,10040,1,9,4,300,209.966308
8/02/2017,131,101,PE,912811,1,10040,1,9,4,300,227.9
9/02/2017,38755,131,PE,912835,1,10040,1,131,4,300,214.622808
9/02/2017,16676,131,MA,912818,1,10040,1,84,2,300,210.189436
9/02/2017,16159,131,PB,912818,1,10040,1,83,3,300,209.452727
9/02/2017,38774,131,PI,912835,1,10040,1,145,4,300,217.673096
9/02/2017,38784,131,RN,912835,1,10040,1,164,4,300,214.94125
9/02/2017,38755,131,PE,912835,1,10040,1,131,4,300,214.622808
9/02/2017,13834,201,PE,13017,1,10040,44,7,4,300,199.55
10/02/2017,20155,101,PI,912822,1,10040,1,133,2,300,213.25
11/02/2017,32989,211,CE,913619,1,10040,3,13,4,300,226.618499
13/02/2017,34372,131,PI,912811,1,10040,1,75,2,300,218.208376
13/02/2017,21615,131,CE,97781,1,10042,3,80,1,300,226.368111
13/02/2017,29665,201,PE,912849,1,10040,1,123,2,300,239.219378
14/02/2017,20291,210,PI,912811,1,10040,1,133,4,300,222.828855
14/02/2017,38970,131,PE,97781,1,10042,3,7,2,300,227.183333
14/02/2017,765,211,PE,13862,1,10041,59,4,12,300,223.68098
14/02/2017,38988,131,RN,912835,1,10040,1,164,2,300,215.29375
14/02/2017,38979,131,PE,912840,1,10040,1,131,2,300,181.46
15/02/2017,38744,101,PE,97782,1,10042,3,9,2,300,241.58
15/02/2017,4979,101,AL,912822,1,10040,1,31,1,300,210.04
15/02/2017,38744,101,PE,97782,1,10042,3,9,2,300,241.58
16/02/2017,41025,131,PE,912835,1,10040,1,178,4,300,213.731872
16/02/2017,41025,131,PE,912835,1,10040,1,178,4,300,213.731872
18/02/2017,23758,131,RN,912822,1,10040,1,127,2,300,207.574154
18/02/2017,41144,131,RN,912835,1,10040,1,164,2,300,215.29375
18/02/2017,41121,131,CE,912822,1,10040,1,176,2,300,209.599307
20/02/2017,41164,131,SE,12057,1,10040,3,158,2,300,109.5
20/02/2017,32989,211,CE,913619,1,10040,3,13,2,300,226.618499
20/02/2017,32989,211,CE,913619,1,10040,3,13,2,300,226.618499
21/02/2017,36302,131,CE,912835,1,10040,1,146,4,300,213.35
21/02/2017,41210,131,MA,912816,1,10040,1,179,4,300,205.53
21/02/2017,12817,202,RN,913963,1,10040,1,59,2,300,241.34993
21/02/2017,33205,103,RN,13688,10006,10011,8,127,1,300,203.056989
22/02/2017,27115,131,RN,912835,1,10040,1,164,2,300,215.29375
22/02/2017,6611,131,PE,912822,1,10040,1,9,4,300,210.006028
23/02/2017,28274,302,AL,913619,1,10040,3,91,2,300,228.762786
23/02/2017,32393,211,CE,913619,1,10040,3,13,2,300,226.618499
23/02/2017,41387,131,PE,912816,1,10040,1,9,2,300,207.836667
23/02/2017,12487,201,CE,912811,1,10040,1,263,4,300,222.893252
23/02/2017,41404,131,PE,13846,1,10040,59,9,1,300,168.909276
23/02/2017,7062,203,PE,13849,1,10040,59,4,4,300,203.670534
24/02/2017,2694,101,PE,912816,1,10040,1,7,4,300,207.836667
24/02/2017,41469,131,PE,912818,1,10040,1,9,2,300,212.900909
24/02/2017,26260,131,PE,912835,1,10040,1,178,2,300,210.290936
24/02/2017,16502,131,PE,912822,1,10040,1,131,4,300,208.23
24/02/2017,29364,131,PI,912835,1,10040,1,145,4,300,217.673096
24/02/2017,26260,131,PE,912835,1,10040,1,178,2,300,210.290936
24/02/2017,16502,131,PE,912822,1,10040,1,131,4,300,208.23
24/02/2017,20172,201,PI,913090,1,10040,1,133,2,300,216.66
24/02/2017,16884,131,PE,912822,1,10040,1,9,1,300,210.007683
24/02/2017,2694,101,PE,912816,1,10040,1,7,4,300,207.836667
24/02/2017,20717,101,PE,97781,1,10042,3,131,4,300,225.72601
24/02/2017,41344,131,RN,913089,1,10040,1,127,4,300,206.717149
1/03/2017,10536,131,PE,13016,1,10040,44,9,2,300,182.083333
1/03/2017,41560,131,PI,912693,1,10040,1,133,2,300,181.280249
2/03/2017,14111,101,RN,97781,1,10042,3,59,2,300,227.124616
2/03/2017,41597,131,PI,912693,1,10040,1,133,4,300,181.280249
2/03/2017,27453,131,RN,912816,1,10040,1,164,2,300,205.882847
2/03/2017,24142,101,RN,912835,1,10040,1,59,4,300,218.015059
2/03/2017,41619,131,PE,912835,1,10040,1,9,1,300,213.79
3/03/2017,20273,201,PI,912822,1,10040,1,133,4,300,210.7
3/03/2017,24922,131,RN,912835,1,10040,1,164,4,300,215.47
3/03/2017,6971,201,CE,913619,1,10040,3,172,4,300,226.241759
3/03/2017,23259,201,CE,912849,1,10040,1,17,4,300,238.35215
4/03/2017,38079,202,CE,912849,1,10040,1,34,4,300,238.35215
4/03/2017,38079,202,CE,912827,1,10040,1,34,4,300,259.294011
4/03/2017,7965,201,CE,912811,1,10040,1,183,2,300,222.893252
6/03/2017,30161,303,CE,912835,1,10040,1,146,2,300,213.35
6/03/2017,41748,101,CE,912835,1,10040,1,146,4,300,213.35
6/03/2017,41773,131,RN,913089,1,10040,1,127,4,300,206.717149
7/03/2017,25778,131,PE,13604,10002,10034,39,178,1,300,161.5
7/03/2017,41805,131,PE,912835,1,10040,1,6,2,300,216.653636
8/03/2017,41850,131,PE,912816,1,10040,1,9,2,300,208.354615
9/03/2017,41928,131,PB,912822,1,10040,1,177,2,300,214.193643
9/03/2017,41893,131,PI,912816,1,10040,1,145,2,300,208.509613
10/03/2017,36623,131,MA,912822,1,10040,1,179,4,300,211.64
10/03/2017,35516,131,PE,12687,1,10040,1,36,2,300,168.184615
10/03/2017,41949,131,PI,912693,1,10040,1,133,4,300,184.090817
10/03/2017,22024,102,PE,912818,1,10040,1,6,4,300,211.837969
10/03/2017,5807,203,AL,912849,1,10040,1,91,2,300,239.12
13/03/2017,37987,201,PE,7708,1,10040,2,36,2,300,213.751759
13/03/2017,22024,102,PE,912818,1,10040,1,6,4,300,211.837969
15/03/2017,26928,101,PI,912811,1,10040,1,143,4,300,218.208376
15/03/2017,35094,131,PI,13535,10002,10034,51,133,1,300,302.260994
16/03/2017,28413,131,PE,912810,1,10040,1,178,2,300,183.16
16/03/2017,28413,131,PE,912810,1,10040,1,178,2,300,183.16
16/03/2017,7965,201,CE,913658,1,10040,3,183,2,300,207.581482
17/03/2017,42261,131,RN,912631,1,10040,1,127,2,300,172.794612
18/03/2017,42350,131,RN,912827,1,10040,1,127,2,300,256.974244
18/03/2017,42352,131,PE,912822,1,10040,1,178,4,300,209.5
18/03/2017,17108,131,MA,7643,1,10040,3,179,3,300,180.03
18/03/2017,42352,131,PE,912822,1,10040,1,178,4,300,209.5
18/03/2017,42344,131,PE,912822,1,10040,1,178,4,300,212.05
18/03/2017,42344,131,PE,912822,1,10040,1,178,4,300,212.05
18/03/2017,42347,131,PE,912631,1,10040,1,178,4,300,177.28
18/03/2017,20172,201,PI,912811,1,10040,1,133,1,300,224.912952
18/03/2017,20273,201,PI,912818,1,10040,1,133,4,300,217.19
20/03/2017,12101,210,PE,7761,1,10040,1,166,4,300,184.572213
20/03/2017,42385,131,SE,913089,1,10040,1,158,2,300,209.27
20/03/2017,15047,202,PE,13858,1,10040,59,36,4,300,218.560759
20/03/2017,33433,131,MA,7710,1,10040,2,179,1,300,206.164287
21/03/2017,7817,202,CE,912849,1,10040,1,34,4,300,238.35215
22/03/2017,11455,103,RN,913619,1,10040,3,59,4,300,226.628442
22/03/2017,25251,210,RN,913770,1,10040,1,164,2,300,221.43
23/03/2017,42347,131,PE,912631,1,10040,1,178,4,300,177.28
23/03/2017,42594,131,PB,913728,1,10040,3,177,1,300,201.689038
23/03/2017,42575,131,MA,912816,1,10040,1,179,2,300,205.734
23/03/2017,42551,131,PB,912818,1,10040,1,169,4,300,208.39
24/03/2017,32989,211,CE,913619,1,10040,3,13,4,300,228.86
24/03/2017,11455,103,RN,913619,1,10040,3,59,2,300,226.63
25/03/2017,11850,101,RN,912811,1,10040,1,59,2,300,226.676296
25/03/2017,42671,202,PE,13849,1,10040,59,4,2,300,203.670534
25/03/2017,42671,202,PE,13852,1,10041,59,4,2,300,246.879461
27/03/2017,42746,131,PE,912818,1,10040,1,178,2,300,213.93
27/03/2017,42746,131,PE,912818,1,10040,1,178,2,300,213.93
28/03/2017,22858,203,SE,97781,1,10042,3,108,4,300,225.728512
28/03/2017,7062,203,PE,13852,1,10041,59,4,6,300,246.879461
28/03/2017,2546,201,PE,13017,1,10040,44,36,3,300,216.241629
29/03/2017,42843,131,PI,912818,1,10040,1,145,2,300,210.94226
31/03/2017,42973,131,PE,912818,1,10040,1,178,4,300,211.38
31/03/2017,43011,131,CE,12216,1,10040,1,176,1,300,215.411567
31/03/2017,42973,131,PE,912818,1,10040,1,178,4,300,211.38
31/03/2017,12619,101,RN,97781,1,10042,3,59,2,300,225.014167
31/03/2017,8291,211,CE,912827,1,10040,1,13,4,300,259.458475
31/03/2017,8289,211,CE,912827,1,10040,1,13,2,300,259.458475
1/04/2017,43031,131,PE,912822,1,10040,1,178,2,300,212.26
1/04/2017,6748,202,PE,13852,1,10041,59,43,6,300,246.877862
1/04/2017,43015,131,PE,912811,1,10040,1,178,2,300,234.617726
1/04/2017,43017,131,RN,912811,1,10040,1,59,2,300,226.676296
1/04/2017,33421,131,AL,912811,1,10040,1,31,4,300,222.03602
1/04/2017,43015,131,PE,912811,1,10040,1,178,2,300,234.617726
1/04/2017,43031,131,PE,912822,1,10040,1,178,2,300,212.26
3/04/2017,43076,131,MA,913658,1,10040,3,179,2,300,205.03
3/04/2017,26013,131,PE,912835,1,10040,1,178,2,300,216.766912
3/04/2017,43065,131,RN,12691,1,10040,3,127,4,300,252.911426
3/04/2017,43103,131,PB,912816,1,10040,1,169,4,300,205.96
3/04/2017,26013,131,PE,912835,1,10040,1,178,2,300,216.766912
4/04/2017,6549,103,CE,912849,1,10040,1,17,2,300,238.35215
4/04/2017,29982,211,CE,913619,1,10040,3,13,2,300,230.225663
4/04/2017,33601,211,CE,913619,1,10040,3,13,2,300,230.225663
5/04/2017,43189,131,RN,912822,1,10040,1,127,3,300,205.024154
6/04/2017,43262,131,PE,13006,1,10040,2,178,4,300,224.75
6/04/2017,10952,101,AL,13636,10002,10031,39,140,2,300,208.734
6/04/2017,43262,131,PE,13006,1,10040,2,178,4,300,224.75
7/04/2017,15944,101,AL,912818,1,10040,1,141,4,300,210.94226
7/04/2017,27978,101,PE,912215,1,10040,1,131,4,300,228.35
7/04/2017,43358,131,PI,13535,10002,10034,51,175,1,300,300.776832
7/04/2017,43350,131,RN,912822,1,10040,1,164,2,300,205.02
7/04/2017,27978,101,PE,912215,1,10040,1,131,4,300,228.35
8/04/2017,20219,101,PI,912811,1,10040,1,175,2,300,224.803328
10/04/2017,42385,131,SE,913770,1,10040,1,158,4,300,223.98
10/04/2017,12666,202,PE,13017,1,10040,44,36,4,300,216.241629
10/04/2017,29982,211,CE,913619,1,10040,3,13,2,300,228.86
10/04/2017,43468,131,MA,912835,1,10040,1,179,2,300,215.34
11/04/2017,43488,131,RN,913658,1,10040,3,164,4,300,204.806667
11/04/2017,30775,101,RN,912811,1,10040,1,164,4,300,224.13
12/04/2017,29982,211,CE,913619,1,10040,3,13,2,300,232.5
12/04/2017,11058,131,PE,912811,1,10040,1,131,2,300,222.56
12/04/2017,43590,131,CE,912811,1,10040,1,176,2,300,223.436089
12/04/2017,43570,131,PB,912816,1,10040,1,169,2,300,205.96
13/04/2017,12781,131,CE,912818,1,10040,1,176,4,300,210.8035
13/04/2017,15736,201,AL,912816,1,10040,1,140,4,300,208.51
13/04/2017,43661,131,PE,912818,1,10040,1,131,2,300,211.84
13/04/2017,43635,131,PI,912693,1,10040,1,193,2,300,184.826844
13/04/2017,43658,131,PI,912818,1,10040,1,75,2,300,210.94226
13/04/2017,27592,131,SE,912835,1,10040,1,158,4,300,218.02
17/04/2017,25533,131,CE,912693,1,10040,1,80,4,300,182.069926
17/04/2017,25533,131,CE,912693,1,10040,1,80,4,300,182.069926
17/04/2017,43743,131,SE,912822,1,10040,1,158,4,300,213.0025
18/04/2017,10063,202,CE,913090,1,10040,1,183,1,300,231.695574
18/04/2017,43804,131,PE,912822,1,10040,1,178,4,300,215.634615
18/04/2017,43804,131,PE,912822,1,10040,1,178,4,300,215.634615
19/04/2017,6936,202,CE,913619,1,10040,3,13,3,300,230.225663
19/04/2017,43231,131,MA,914092,1,10040,3,179,1,300,189.15
19/04/2017,20845,131,PE,912835,1,10040,1,178,1,300,217.355637
19/04/2017,20845,131,PE,912835,1,10040,1,178,1,300,217.355637
20/04/2017,37591,131,PE,913963,1,10040,1,178,2,300,174.13
20/04/2017,37591,131,PE,913963,1,10040,1,178,2,300,174.13
20/04/2017,41619,131,PE,912835,1,10040,1,178,2,300,217.355637
20/04/2017,9224,131,PI,912818,1,10040,1,75,2,300,210.94226
20/04/2017,14371,202,PE,13862,1,10041,59,36,4,300,223.701405
20/04/2017,41619,131,PE,912835,1,10040,1,178,2,300,217.355637
22/04/2017,44010,131,MA,912816,1,10040,1,179,4,300,205.96
22/04/2017,28182,131,PE,912816,1,10040,1,178,1,300,208.0276
22/04/2017,43987,131,CE,912811,1,10040,1,176,4,300,223.436089
22/04/2017,28182,131,PE,912816,1,10040,1,178,1,300,208.0276
22/04/2017,23745,131,PE,912816,1,10040,1,178,4,300,208.0276
22/04/2017,32989,211,CE,913619,1,10040,3,13,4,300,232.5
24/04/2017,20219,101,PI,912811,1,10040,1,193,4,300,222.253328
24/04/2017,34589,131,AL,97782,1,10042,3,141,2,300,241.58
24/04/2017,13914,101,PI,912822,1,10040,1,75,2,300,214.044883
24/04/2017,32989,211,CE,913619,1,10040,3,13,2,300,232.5
24/04/2017,2694,101,PE,912816,1,10040,1,7,2,300,208.495874
25/04/2017,44127,131,PE,912840,1,10040,1,197,2,300,183.24
25/04/2017,44127,131,PE,912840,1,10040,1,197,2,300,183.24
25/04/2017,2035,203,PE,912827,1,10040,1,7,2,300,257.901406
25/04/2017,33454,131,SE,913090,1,10040,1,158,4,300,234.58
26/04/2017,14441,131,CE,913658,1,10040,3,176,4,300,197.521563
27/04/2017,20719,101,PE,912816,1,10040,1,131,4,300,208.51
27/04/2017,44237,131,MA,912811,1,10040,1,179,1,300,217.174704
28/04/2017,44287,131,PE,912693,1,10040,1,178,4,300,181.223635
28/04/2017,5069,101,PE,912811,1,10040,1,6,2,300,217.408899
28/04/2017,44287,131,PE,912693,1,10040,1,178,4,300,181.223635
29/04/2017,31010,131,RN,913658,1,10040,3,164,2,300,192.565
29/04/2017,44316,131,PE,912811,1,10040,1,178,2,300,232.2
29/04/2017,21541,131,PE,912811,1,10040,1,178,4,300,232.2
29/04/2017,21151,101,PE,912835,1,10040,1,178,2,300,217.466023
29/04/2017,44329,131,PE,912835,1,10040,1,178,2,300,217.466023
29/04/2017,28015,203,CE,912849,1,10040,1,34,2,300,218.822933
29/04/2017,6043,211,CE,912827,1,10040,1,13,4,300,259.50908
29/04/2017,23402,131,PE,912835,1,10040,1,131,4,300,216.1525
29/04/2017,29982,211,CE,913619,1,10040,3,13,7,300,230.225663
29/04/2017,44316,131,PE,912811,1,10040,1,178,2,300,232.2
29/04/2017,21541,131,PE,912811,1,10040,1,178,4,300,232.2
2/05/2017,20771,131,PE,912822,1,10040,1,178,2,300,213.419808
2/05/2017,43015,131,PE,912811,1,10040,1,178,2,300,234.75
2/05/2017,26666,131,PE,912816,1,10040,1,9,4,300,208.507646
2/05/2017,20771,131,PE,912822,1,10040,1,178,2,300,213.419808
2/05/2017,43015,131,PE,912811,1,10040,1,178,2,300,234.75
2/05/2017,44349,131,RN,913770,1,10040,1,164,2,300,221.43
3/05/2017,32159,201,RN,912811,1,10040,1,127,2,300,226.68
3/05/2017,41495,101,AL,912816,1,10040,1,140,5,300,198.16
4/05/2017,5429,101,PB,912462,1,10040,1,25,300,130.11,130.11
4/05/2017,300,101,PE,12095,2,10043,1,7,2,1350,1013.115
4/05/2017,20291,210,PI,912811,1,10040,1,175,1,300,224.692982
4/05/2017,44504,131,AL,912816,1,10040,1,268,1,300,198.16
4/05/2017,8690,201,PI,912811,1,10040,1,75,4,300,218.9
5/05/2017,44545,131,MA,912822,1,10040,1,179,1,300,211.64
8/05/2017,44633,131,RN,912835,1,10040,1,164,2,300,215.47
8/05/2017,32621,131,RN,912816,1,10040,1,127,4,300,214.2
10/05/2017,32967,131,PE,912835,1,10040,1,178,2,300,217.6
10/05/2017,44748,131,PE,912816,1,10040,1,178,4,300,216.805
10/05/2017,32967,131,PE,912835,1,10040,1,178,2,300,217.6
10/05/2017,25990,131,PE,912631,1,10040,1,178,1,300,155.5
10/05/2017,44748,131,PE,912816,1,10040,1,178,4,300,216.805
10/05/2017,25990,131,PE,912631,1,10040,1,178,1,300,155.5
12/05/2017,24296,131,PE,912822,1,10040,1,178,2,300,212.579952
12/05/2017,24296,131,PE,912822,1,10040,1,178,2,300,212.579952
13/05/2017,23696,131,MA,913728,1,10040,3,179,2,300,201.32
13/05/2017,42792,131,MA,914092,1,10040,3,179,4,300,192.174
16/05/2017,45032,131,RN,913770,1,10040,1,164,1,300,211.04375
17/05/2017,45094,131,CE,912816,1,10040,1,176,2,300,216.749319
17/05/2017,28827,101,RN,912835,1,10040,1,164,2,300,223.3625
17/05/2017,9514,101,PI,912811,1,10040,1,143,4,300,218.900009
17/05/2017,33594,101,RN,912816,1,10040,1,127,4,300,216.75
18/05/2017,20172,201,PI,912811,1,10040,1,175,2,300,225.121916
18/05/2017,44245,131,PI,13864,1,10040,59,193,2,300,185.630414
19/05/2017,45196,131,PE,13862,1,10041,59,189,1,300,221.18
19/05/2017,37767,101,CE,912818,1,10040,1,132,2,300,198.421121
22/05/2017,11607,131,PE,913770,1,10040,1,9,4,300,200.826
23/05/2017,11897,131,CE,912811,1,10040,1,176,2,300,218.900005
24/05/2017,45419,131,MA,11975,1,10040,2,179,2,300,236.29
24/05/2017,8143,202,PE,13849,1,10040,59,36,1,300,203.670267
25/05/2017,45470,131,RN,912811,1,10040,1,164,3,300,218.278925
26/05/2017,45497,131,PE,913658,1,10040,3,178,2,300,215.17125
26/05/2017,43231,131,MA,914092,1,10040,3,179,2,300,183.7788
26/05/2017,21943,202,CE,912822,1,10040,1,201,4,300,210.741176
26/05/2017,45497,131,PE,913658,1,10040,3,178,2,300,215.17125
27/05/2017,45599,131,MA,11975,1,10040,2,179,4,300,236.29
27/05/2017,4979,101,AL,912822,1,10040,1,31,4,300,210.800714
27/05/2017,33205,103,RN,913088,1,10040,1,127,2,300,212.739638
29/05/2017,33272,131,AL,912818,1,10040,1,268,2,300,210.235
30/05/2017,42269,131,AL,12949,10002,10032,39,268,1,300,106.47
30/05/2017,26114,201,PE,13364,10002,10034,90,178,1,300,215.55
1/06/2017,45787,131,PE,913619,1,10040,3,189,2,300,226.63
1/06/2017,45787,131,PE,913619,1,10040,3,189,2,300,226.63
1/06/2017,4616,131,PE,913090,1,10040,1,189,2,300,227.49
1/06/2017,4616,131,PE,913090,1,10040,1,189,2,300,227.49
1/06/2017,45760,131,CE,912811,1,10040,1,132,2,300,218.51
2/06/2017,41319,131,RN,912811,1,10040,1,164,2,300,218.278925
3/06/2017,28344,131,RN,913090,1,10040,1,164,1,300,228.28
5/06/2017,45968,131,PE,912818,1,10040,1,189,2,300,208.7875
5/06/2017,45968,131,PE,912818,1,10040,1,189,2,300,208.7875
5/06/2017,45936,131,AL,912693,1,10040,1,31,2,300,185.29852
5/06/2017,24219,202,PI,913619,1,10040,3,28,1,300,238.509877
6/06/2017,7217,203,PI,7768,1,10040,3,25,10,300,325.36
7/06/2017,9241,202,PI,913619,1,10040,3,28,2,300,238.509877
7/06/2017,16901,101,PE,912822,1,10040,1,9,2,300,213.086
7/06/2017,23560,103,AL,912816,1,10040,1,31,1,300,211.732879
9/06/2017,24296,131,PE,912822,1,10040,1,178,2,300,212.317497
9/06/2017,1275,201,PE,13856,1,10040,59,4,10,300,199.88
9/06/2017,46152,131,MA,914092,1,10040,3,179,2,300,182.579486
9/06/2017,20155,101,PI,912816,1,10040,1,193,1,300,220.089783
10/06/2017,29228,131,PE,912631,1,10040,1,178,1,300,177.266667
10/06/2017,29228,131,PE,912631,1,10040,1,178,1,300,177.266667
12/06/2017,46289,101,PE,912816,1,10040,1,147,1,300,209.56
12/06/2017,22970,101,PI,912822,1,10040,1,75,1,300,209.82657
12/06/2017,5429,101,PB,912462,1,10040,1,25,300,125.64,125.636839
13/06/2017,38160,202,SP,912849,1,10040,1,169,1,300,236.67
13/06/2017,46334,131,PI,912693,1,10040,1,175,1,300,187.320245
14/06/2017,46399,131,RN,912816,1,10040,1,127,4,300,214.2
15/06/2017,2154,201,PE,912822,1,10040,1,189,2,300,200.4225
15/06/2017,26114,201,PE,13364,10002,10034,90,178,1,300,211
17/06/2017,46556,131,BA,14195,1,10040,13,188,4,300,205.089137
19/06/2017,37356,131,PE,912482,1,10040,1,178,2,300,181.619823
19/06/2017,24097,131,CE,912811,1,10040,1,132,1,300,218.51
19/06/2017,37356,131,PE,912482,1,10040,1,178,2,300,181.619823
19/06/2017,46651,131,RN,912810,1,10040,1,127,2,300,190.86
20/06/2017,6474,203,PB,912462,1,10040,1,11,300,144,126.860839
20/06/2017,30813,103,PB,912811,1,10040,1,148,1,300,213.34
20/06/2017,46725,131,CE,912818,1,10040,1,176,2,300,203.601156
21/06/2017,35270,131,PE,912811,1,10040,1,178,2,300,219.019918
21/06/2017,7047,101,PE,12895,1,10040,27,36,1,300,169.75
21/06/2017,35270,131,PE,912811,1,10040,1,178,2,300,219.019918
21/06/2017,46765,131,RN,912811,1,10040,1,127,4,300,216.35
23/06/2017,46833,131,PE,912631,1,10040,1,178,2,300,179.816667
23/06/2017,21949,131,PE,912631,1,10040,1,178,1,300,177.266667
23/06/2017,46896,131,PE,912840,1,10040,1,178,4,300,190.65475
23/06/2017,46896,131,PE,912840,1,10040,1,178,4,300,190.65475
23/06/2017,46833,131,PE,912631,1,10040,1,178,2,300,179.816667
23/06/2017,21949,131,PE,912631,1,10040,1,178,1,300,177.266667
26/06/2017,47015,131,PE,912631,1,10040,1,178,2,300,181.62
26/06/2017,47015,131,PE,912631,1,10040,1,178,2,300,181.62
26/06/2017,30060,131,PI,912811,1,10040,1,143,2,300,215.518248
26/06/2017,47022,131,MA,912811,1,10040,1,95,2,300,208.34691
27/06/2017,47068,131,SE,912811,1,10040,1,158,2,300,217.717656
27/06/2017,1275,201,PE,13856,1,10040,59,4,8,300,199.88
28/06/2017,1414,203,PB,13862,1,10041,59,109,12,300,255.63
28/06/2017,3977,202,PE,13013,1,10040,44,166,2,300,223.039286
28/06/2017,46488,202,PI,912811,1,10040,1,175,2,300,220.965958
29/06/2017,32283,131,RN,912835,1,10040,1,164,2,300,216.265413
30/06/2017,41645,131,PE,13843,10002,10036,39,178,1,300,158.717845
30/06/2017,41645,131,PE,13843,10002,10036,39,178,1,300,158.717845
1/07/2017,21956,101,PE,13364,10002,10034,90,178,1,300,210.666667
1/07/2017,47307,131,PE,912816,1,10040,1,178,4,300,214.2
1/07/2017,47307,131,PE,912816,1,10040,1,178,4,300,214.2
3/07/2017,27978,101,PE,912215,1,10040,1,147,1,300,234.83
3/07/2017,32499,131,PI,912822,1,10040,1,75,2,300,212.3
3/07/2017,10941,131,PI,913619,1,10040,3,75,2,300,237.7
4/07/2017,47436,131,PE,912631,1,10040,1,189,2,300,179.82
4/07/2017,47444,131,PE,13016,1,10040,44,147,2,300,187.34
4/07/2017,47447,131,AL,912822,1,10040,1,140,2,300,212.3
4/07/2017,47436,131,PE,912631,1,10040,1,189,2,300,179.82
4/07/2017,47444,131,PE,13016,1,10040,44,147,2,300,187.34
4/07/2017,12359,101,AL,912822,1,10040,1,31,4,300,212.3
4/07/2017,45030,201,PI,913619,1,10040,3,143,2,300,237.7
4/07/2017,46876,101,CE,912818,1,10040,1,263,2,300,206.98
5/07/2017,1069,203,PE,12222,1,10040,1,7,2,300,327.619705
6/07/2017,47591,131,PE,913728,1,10040,3,178,2,300,211.62
6/07/2017,47591,131,PE,913728,1,10040,3,178,2,300,211.62
7/07/2017,27800,131,RN,912693,1,10040,1,164,2,300,186.7
7/07/2017,30710,203,PE,14028,1,10040,59,106,1,300,165.042857
7/07/2017,4243,202,CE,912819,1,10040,1,17,4,300,270.75
8/07/2017,47696,131,PE,912482,1,10040,1,178,4,300,182.46
8/07/2017,47708,131,PE,13609,1,10040,44,178,2,300,249.06
8/07/2017,47708,131,PE,13609,1,10040,44,178,2,300,249.06
8/07/2017,47696,131,PE,912482,1,10040,1,178,4,300,182.46
10/07/2017,47631,101,PE,912822,1,10040,1,189,2,300,212.3
11/07/2017,47845,131,SE,912811,1,10040,1,158,1,300,216.35
11/07/2017,47631,101,PE,912822,1,10040,1,189,2,300,212.3
11/07/2017,2546,201,PE,13017,1,10040,44,36,1,300,213.691629
11/07/2017,36531,131,PE,912811,1,10040,1,178,2,300,216.35
12/07/2017,8387,101,PE,912822,1,10040,1,273,2,300,212.3
12/07/2017,20155,101,PI,912816,1,10040,1,193,2,300,214.2
12/07/2017,47926,131,PE,914092,1,10040,3,273,4,300,196.71
12/07/2017,47925,131,PI,912482,1,10040,1,193,4,300,182.46
13/07/2017,14082,101,AL,912811,1,10040,1,14,2,300,216.35
13/07/2017,6433,101,PE,13609,1,10040,44,36,2,300,246.592439
13/07/2017,48031,131,RN,912811,1,10040,1,164,4,300,216.35
14/07/2017,37735,131,MA,913770,1,10040,1,95,2,300,211.66
15/07/2017,48187,131,PE,912482,1,10040,1,189,2,300,182.46
15/07/2017,48172,131,RN,912811,1,10040,1,164,4,300,216.35
15/07/2017,42376,131,PB,912693,1,10040,1,169,2,300,186.7
15/07/2017,48187,131,PE,912482,1,10040,1,189,2,300,182.46
17/07/2017,46488,202,PI,7768,1,10040,3,175,1,300,163.642039
17/07/2017,2035,203,PE,13862,1,10041,59,7,2,300,235.740313
17/07/2017,48211,131,RN,912631,1,10040,1,164,1,300,179.82
18/07/2017,42514,202,RN,912816,1,10040,1,127,4,300,214.2
18/07/2017,47231,203,BA,14033,1,10041,59,203,8,300,234.2
19/07/2017,30728,203,PE,12938,1,10040,1,106,2,300,102.52
20/07/2017,20155,101,PI,912811,1,10040,1,193,2,300,216.35
20/07/2017,43661,131,PE,912818,1,10040,1,189,2,300,206.98
20/07/2017,43661,131,PE,912818,1,10040,1,189,2,300,206.98
20/07/2017,48451,131,PB,912811,1,10040,1,169,2,300,216.35
20/07/2017,48363,131,PE,13180,10002,10034,47,178,1,300,240
20/07/2017,48363,131,PE,13180,10002,10034,47,178,1,300,240
20/07/2017,7047,101,PE,913619,1,10040,3,36,2,300,237.7
20/07/2017,48461,101,CE,7735,1,10040,2,176,1,300,197.14
21/07/2017,48497,131,PE,912631,1,10040,1,178,1,300,179.82
21/07/2017,48549,131,PE,912822,1,10040,1,178,4,300,212.3
21/07/2017,48516,131,AL,912811,1,10040,1,140,4,300,216.35
21/07/2017,48497,131,PE,912631,1,10040,1,178,1,300,179.82
24/07/2017,32763,131,RN,912835,1,10040,1,164,1,300,224.08
24/07/2017,36653,131,RN,912835,1,10040,1,164,2,300,224.08
24/07/2017,11515,101,PE,912631,1,10040,1,9,2,300,179.82
24/07/2017,38159,201,PE,912822,1,10040,1,178,2,300,212.3
24/07/2017,48640,131,PE,912816,1,10040,1,9,4,300,214.2
24/07/2017,20782,131,PE,912811,1,10040,1,178,1,300,216.35
24/07/2017,48633,131,RN,912818,1,10040,1,127,4,300,206.98
24/07/2017,48617,131,PE,13846,1,10040,59,273,1,300,158.755525
25/07/2017,27533,131,RN,913770,1,10040,1,164,2,300,211.66
25/07/2017,14156,201,PE,14031,1,10040,59,36,4,300,199.775
25/07/2017,2474,203,AL,97782,1,10042,3,91,6,300,248.59
26/07/2017,11607,131,PE,912835,1,10040,1,9,2,300,224.08
26/07/2017,9638,102,AL,912835,1,10040,1,14,4,300,224.08
27/07/2017,5398,203,PE,13609,1,10040,44,123,2,300,246.592439
27/07/2017,48794,131,PE,912840,1,10040,1,189,2,300,187.92
27/07/2017,48794,131,PE,912840,1,10040,1,189,2,300,187.92
27/07/2017,11655,101,MA,912811,1,10040,1,95,4,300,216.35
27/07/2017,48826,131,CE,912816,1,10040,1,176,4,300,214.2
28/07/2017,6473,203,CE,912849,1,10040,1,34,6,300,246.14
28/07/2017,48878,131,PB,913658,1,10040,3,169,3,300,213.23
28/07/2017,14937,101,CE,97781,1,10042,3,34,4,300,236.75
29/07/2017,48903,131,SE,912482,1,10040,1,156,1,300,182.46
29/07/2017,47696,131,PE,912482,1,10040,1,178,2,300,182.46
29/07/2017,48935,131,SE,912811,1,10040,1,158,4,300,216.35
29/07/2017,47696,131,PE,912482,1,10040,1,178,2,300,182.46
31/07/2017,4801,203,CE,912827,1,10040,1,17,2,300,267.25
31/07/2017,48971,131,RN,912822,1,10040,1,164,1,300,212.3
31/07/2017,48962,131,AL,913770,1,10040,1,31,2,300,211.66
31/07/2017,48959,131,CE,912822,1,10040,1,176,2,300,212.3
1/08/2017,49071,131,CE,912811,1,10040,1,132,4,300,216.35
1/08/2017,37788,202,PB,13862,1,10041,59,148,4,300,253.08
2/08/2017,49121,131,PE,912631,1,10040,1,178,1,300,179.82
2/08/2017,47376,101,MA,912818,1,10040,1,174,2,300,206.98
2/08/2017,49121,131,PE,912631,1,10040,1,178,1,300,179.82
2/08/2017,15795,101,CE,912818,1,10040,1,17,4,300,206.98
3/08/2017,48878,131,PB,913658,1,10040,3,169,1,300,213.23
3/08/2017,46547,131,PB,912693,1,10040,1,169,2,300,186.7
4/08/2017,16372,201,AL,14031,1,10040,59,91,4,300,224.97
4/08/2017,49244,131,PE,912811,1,10040,1,178,4,300,216.35
4/08/2017,49262,131,PI,912818,1,10040,1,193,2,300,211.12
4/08/2017,49244,131,PE,912811,1,10040,1,178,4,300,216.35
4/08/2017,29807,131,PE,912816,1,10040,1,276,2,300,214.2
4/08/2017,29807,131,PE,912816,1,10040,1,276,2,300,214.2
5/08/2017,49309,131,PE,913770,1,10040,1,178,4,300,213.78
5/08/2017,49309,131,PE,913770,1,10040,1,178,4,300,213.78
7/08/2017,32386,131,RN,13004,10002,10031,39,164,1,300,149.01
8/08/2017,5796,201,CE,912811,1,10040,1,275,4,300,216.35
8/08/2017,21943,202,CE,912811,1,10040,1,275,2,300,217.43
8/08/2017,27705,131,RN,912835,1,10040,1,164,3,300,224.08
8/08/2017,26078,131,RN,912811,1,10040,1,164,2,300,216.35
10/08/2017,49524,131,RN,912811,1,10040,1,164,2,300,216.35
10/08/2017,49524,131,RN,912811,1,10040,1,164,2,300,216.35
11/08/2017,49636,131,SE,912816,1,10040,1,158,2,300,214.2
12/08/2017,49666,131,RN,912631,1,10040,1,127,1,300,179.82
12/08/2017,48166,101,MA,913658,1,10040,3,174,2,300,213.23
12/08/2017,30710,203,PE,14028,1,10040,59,106,1,300,165.042857
14/08/2017,49544,101,PI,913089,1,10040,1,143,4,300,214.99
14/08/2017,49734,131,RN,912631,1,10040,1,164,1,300,179.82
15/08/2017,10752,202,PE,14290,1,10040,59,36,2,300,213.72
15/08/2017,49823,131,SE,912811,1,10040,1,156,1,300,216.35
15/08/2017,49823,131,SE,912811,1,10040,1,156,1,300,216.35
15/08/2017,49789,131,SE,912816,1,10040,1,158,4,300,214.2
16/08/2017,49862,131,AL,912811,1,10040,1,140,4,300,216.35
16/08/2017,11469,101,RN,912816,1,10040,1,59,4,300,214.2
17/08/2017,49935,131,RN,912818,1,10040,1,127,4,300,206.98
18/08/2017,4555,203,PE,13017,1,10040,44,36,2,300,199.913009
18/08/2017,4137,201,PE,13017,1,10040,44,36,4,300,199.913009
18/08/2017,50026,131,CE,912811,1,10040,1,176,2,300,216.35
18/08/2017,49992,131,RN,97781,1,10042,3,127,1,300,236.75
19/08/2017,13528,201,PE,912849,1,10040,1,9,4,300,246.14
21/08/2017,50089,131,CE,913619,1,10040,3,34,4,300,237.7
21/08/2017,50133,131,AL,912818,1,10040,1,141,2,300,206.98
22/08/2017,15809,203,PE,912811,1,10040,1,127,4,300,216.35
22/08/2017,36727,131,SE,912811,1,10040,1,158,4,300,216.35
22/08/2017,45554,131,PE,912693,1,10040,1,178,4,300,188.466111
23/08/2017,49396,131,PE,913728,1,10040,3,178,4,300,213.6075
23/08/2017,50233,131,PI,912631,1,10040,1,145,1,300,179.82
23/08/2017,12509,102,PI,912818,1,10040,1,143,4,300,206.98
23/08/2017,10342,101,AL,912811,1,10040,1,140,2,300,216.35
24/08/2017,2939,101,PE,14283,2,10045,74,25,12,300,300
25/08/2017,36621,131,PI,912693,1,10040,1,193,2,300,191.641176
25/08/2017,7215,203,PI,12689,1,10040,1,27,4,300,201.481441
26/08/2017,36953,131,PB,13122,10002,10033,39,169,1,300,149.0841
29/08/2017,10342,101,AL,912811,1,10040,1,140,2,300,216.35
29/08/2017,28413,131,PE,912810,1,10040,1,178,2,300,191.815
29/08/2017,48450,131,PE,912822,1,10040,1,178,2,300,212.565
29/08/2017,48450,131,PE,912822,1,10040,1,178,2,300,212.565
29/08/2017,28413,131,PE,912810,1,10040,1,178,2,300,191.815
30/08/2017,50754,131,AL,913728,1,10040,3,140,4,300,211.62
30/08/2017,48040,201,PE,13858,1,10040,59,172,4,300,225.264
31/08/2017,50911,131,PI,913770,1,10040,1,193,2,300,211.66
31/08/2017,50873,131,CE,913728,1,10040,3,176,1,300,211.62
31/08/2017,13848,201,PE,13862,1,10041,59,9,4,300,236.21
31/08/2017,29460,131,PE,913728,1,10040,3,178,2,300,211.62
31/08/2017,50881,131,PE,912482,1,10040,1,276,1,300,182.46
31/08/2017,50881,131,PE,912482,1,10040,1,276,1,300,182.46
1/09/2017,45692,201,PE,14283,2,10045,74,25,4,300,300
1/09/2017,50969,131,RN,912693,1,10040,1,127,2,300,186.7
2/09/2017,51028,131,PE,912524,1,10040,1,189,4,300,160.18
2/09/2017,51049,131,AL,912811,1,10040,1,140,2,300,216.35
2/09/2017,51028,131,PE,912524,1,10040,1,189,4,300,160.18
4/09/2017,51048,131,PE,912693,1,10040,1,276,4,300,186.7
4/09/2017,51067,131,RN,913963,1,10040,1,127,1,300,238.79993
4/09/2017,40977,131,RN,913088,1,10040,1,127,2,300,217.49
4/09/2017,51048,131,PE,912693,1,10040,1,276,4,300,186.7
4/09/2017,20280,131,PI,912822,1,10040,1,193,4,300,212.3
4/09/2017,11942,201,MA,912849,1,10040,1,182,2,300,246.14
4/09/2017,51138,131,PI,912693,1,10040,1,145,2,300,186.7
4/09/2017,51071,131,MA,912822,1,10040,1,179,2,300,212.3
5/09/2017,14123,101,MA,912835,1,10040,1,95,4,300,224.08
6/09/2017,14400,101,MA,912816,1,10040,1,184,2,300,214.199908
6/09/2017,51293,131,MA,7782,1,10042,3,95,2,300,209.423479
8/09/2017,28249,103,CE,912822,1,10040,1,275,4,300,212.300335
8/09/2017,2939,101,PE,14283,2,10045,74,25,5,300,300
8/09/2017,30710,203,PE,912811,1,10040,1,281,2,300,216.35
8/09/2017,34981,103,MG,912811,1,10040,1,276,2,300,216.35
8/09/2017,34981,103,MG,912811,1,10040,1,189,2,300,216.35
8/09/2017,6664,131,AL,97782,1,10042,3,31,4,300,248.59
8/09/2017,20155,101,PI,913728,1,10040,3,175,2,300,211.62
8/09/2017,51417,131,AL,912818,1,10040,1,140,1,300,206.98
8/09/2017,46291,203,PE,912811,1,10040,1,281,2,300,216.35
8/09/2017,46291,203,PE,912811,1,10040,1,281,2,300,216.35
8/09/2017,30728,203,PE,912811,1,10040,1,281,2,300,216.35
8/09/2017,51342,131,PI,13535,10002,10034,51,193,1,300,299.652754
9/09/2017,46488,202,PI,912849,1,10040,1,175,1,300,246.14
9/09/2017,51372,131,BA,14415,1,10040,52,219,1,300,222.68
9/09/2017,22836,301,MA,912811,1,10040,1,179,1,300,216.35
11/09/2017,51529,131,PE,912482,1,10040,1,178,4,300,183.673333
11/09/2017,36531,131,PE,912811,1,10040,1,178,2,300,217.43
11/09/2017,51529,131,PE,912482,1,10040,1,178,4,300,183.673333
11/09/2017,36531,131,PE,912811,1,10040,1,178,2,300,217.43
11/09/2017,30728,203,PE,912693,1,10040,1,189,2,300,186.7
12/09/2017,20037,101,CE,912811,1,10040,1,132,4,300,217.892857
12/09/2017,30710,203,PE,912811,1,10040,1,281,2,300,216.35
13/09/2017,51687,131,SE,912631,1,10040,1,156,1,300,179.82
13/09/2017,3989,201,CE,13862,1,10041,59,80,2,300,261.26014
13/09/2017,6452,202,CE,912849,1,10040,1,13,2,300,247.862
14/09/2017,31714,131,RN,912811,1,10040,1,164,2,300,216.35
14/09/2017,47934,131,PI,13535,10002,10034,51,193,1,300,299.652754
14/09/2017,30728,203,PE,912811,1,10040,1,276,4,300,216.35
14/09/2017,51825,131,RN,912811,1,10040,1,164,1,300,216.35
14/09/2017,30728,203,PE,912811,1,10040,1,281,2,300,216.35
15/09/2017,47913,131,RN,912835,1,10040,1,127,2,300,224.080296
15/09/2017,34981,103,MG,912811,1,10040,1,281,2,300,216.35
15/09/2017,34981,103,MG,912811,1,10040,1,281,2,300,216.35
18/09/2017,52034,131,PE,913728,1,10040,3,178,2,300,213.21
18/09/2017,52034,131,PE,913728,1,10040,3,178,2,300,213.21
18/09/2017,52068,131,PE,912840,1,10040,1,281,2,300,187.92
18/09/2017,52068,131,PE,912840,1,10040,1,281,2,300,187.92
19/09/2017,30728,203,PE,912827,1,10040,1,281,4,300,267.25
19/09/2017,46291,203,PE,912816,1,10040,1,281,1,300,214.2
19/09/2017,30728,203,PE,7735,1,10040,2,281,1,300,191.61
20/09/2017,52233,131,SE,913088,1,10040,1,158,2,300,217.49
20/09/2017,30710,203,PE,912811,1,10040,1,276,2,300,216.35
20/09/2017,15494,131,RN,13689,10006,10011,8,127,1,300,244.937493
21/09/2017,20349,131,PI,13535,10002,10034,51,175,1,300,299.652754
21/09/2017,10342,101,AL,912811,1,10040,1,140,4,300,216.35
22/09/2017,30710,203,PE,912811,1,10040,1,281,1,300,216.35
22/09/2017,30710,203,PE,912811,1,10040,1,36,1,300,216.35
22/09/2017,7989,101,CE,912822,1,10040,1,33,4,300,212.300335
23/09/2017,30775,101,RN,912811,1,10040,1,164,1,300,216.35
23/09/2017,52409,131,SE,912822,1,10040,1,156,2,300,212.302164
23/09/2017,35904,131,PE,912822,1,10040,1,273,4,300,224.882716
25/09/2017,5429,101,PB,912462,1,10040,1,25,300,132.71,132.710092
25/09/2017,16263,201,SE,912811,1,10040,1,158,1,300,216.35
25/09/2017,32008,201,AL,912816,1,10040,1,140,1,300,214.2
25/09/2017,32008,201,AL,912816,1,10040,1,140,1,300,214.2
25/09/2017,16263,201,SE,912811,1,10040,1,158,1,300,216.35
25/09/2017,11607,131,PE,912835,1,10040,1,9,2,300,252.9846
25/09/2017,52496,131,BA,14028,1,10040,59,212,4,300,201.84
25/09/2017,52516,131,PI,13535,10002,10034,51,175,1,300,299.652754
26/09/2017,52604,131,MA,912811,1,10040,1,179,4,300,216.35
26/09/2017,2680,203,PE,913619,1,10040,3,36,2,300,237.7
27/09/2017,52687,131,AL,913088,1,10040,1,140,2,300,217.49
27/09/2017,362,131,PE,7720,1,10040,2,264,2,300,235.308919
27/09/2017,30710,203,PE,912811,1,10040,1,281,1,300,216.35
28/09/2017,52781,131,PI,912693,1,10040,1,145,2,300,186.705854
29/09/2017,37959,101,CE,912811,1,10040,1,263,2,300,216.348244
29/09/2017,300,101,PE,14150,2,10043,13,274,8,1750,1548.731788
29/09/2017,300,101,PE,13958,2,10043,13,274,8,1560,1405.155071
29/09/2017,52852,131,SE,912835,1,10040,1,158,2,300,224.08
29/09/2017,52835,131,CE,912693,1,10040,1,176,4,300,186.700765
29/09/2017,30710,203,PE,912811,1,10040,1,36,2,300,216.35
29/09/2017,11271,131,CE,913088,1,10040,1,176,4,300,217.488889
29/09/2017,34981,103,MG,912811,1,10040,1,281,2,300,216.35
29/09/2017,2939,101,PE,14283,2,10045,74,25,10,300,300
30/09/2017,52912,131,SE,912816,1,10040,1,158,4,300,214.2
30/09/2017,35388,101,PE,13364,10002,10034,90,178,1,300,210.222222
2/10/2017,53005,131,CE,912811,1,10040,1,176,4,300,216.348244
2/10/2017,52972,131,PE,912811,1,10040,1,281,4,300,216.35
2/10/2017,52972,131,PE,912811,1,10040,1,281,4,300,216.35
2/10/2017,36578,201,CE,97781,1,10042,3,13,2,300,236.751543
3/10/2017,12043,101,CE,912835,1,10040,1,176,2,300,224.081804
3/10/2017,29460,131,PE,912835,1,10040,1,178,2,300,225.9
3/10/2017,53068,131,PB,912693,1,10040,1,169,2,300,186.7
4/10/2017,49467,101,CE,913090,1,10040,1,176,2,300,222.758725
4/10/2017,53113,131,PE,912816,1,10040,1,178,2,300,216.31325
4/10/2017,11271,131,CE,913088,1,10040,1,176,4,300,217.488889
4/10/2017,9052,131,AL,912460,1,10042,1,31,2,300,246
4/10/2017,29460,131,PE,912835,1,10040,1,178,2,300,225.9
4/10/2017,53133,131,RN,912811,1,10040,1,164,2,300,216.35
4/10/2017,23074,101,RN,13636,10002,10031,39,164,2,300,112.128529
4/10/2017,53113,131,PE,912816,1,10040,1,178,2,300,216.31325
4/10/2017,53151,131,PE,912631,1,10040,1,281,1,300,168.75
4/10/2017,53151,131,PE,912631,1,10040,1,281,1,300,168.75
5/10/2017,30775,101,RN,912811,1,10040,1,164,1,300,216.35
5/10/2017,47541,131,PI,912693,1,10040,1,286,4,300,190.942424
5/10/2017,35117,131,PE,14225,1,10040,59,178,2,300,177.7
5/10/2017,13127,202,CE,97781,1,10042,3,17,2,300,236.75
5/10/2017,35117,131,PE,14225,1,10040,59,178,2,300,177.7
6/10/2017,53296,131,PE,912693,1,10040,1,281,2,300,186.417293
6/10/2017,53327,131,PE,912693,1,10040,1,178,4,300,187.9572
6/10/2017,53283,131,AL,913088,1,10040,1,91,2,300,217.49
6/10/2017,38521,201,PE,912811,1,10040,1,273,2,300,216.35
6/10/2017,53332,131,CE,912818,1,10040,1,176,2,300,206.979257
6/10/2017,53327,131,PE,912693,1,10040,1,178,4,300,187.9572
6/10/2017,53296,131,PE,912693,1,10040,1,281,2,300,186.417293
7/10/2017,53366,131,PI,912693,1,10040,1,286,2,300,190.942424
7/10/2017,53398,131,PB,912693,1,10040,1,169,2,300,186.7
9/10/2017,53438,131,CE,912822,1,10040,1,132,2,300,214.43
9/10/2017,23028,101,RN,912816,1,10040,1,59,4,300,214.2
9/10/2017,30710,203,PE,912811,1,10040,1,281,2,300,216.35
10/10/2017,53398,131,PB,912693,1,10040,1,169,4,300,186.7
10/10/2017,53586,131,CE,912811,1,10040,1,34,1,300,216.348244
11/10/2017,46291,203,PE,7720,1,10040,2,281,4,300,235.31
11/10/2017,2939,101,PE,14283,2,10045,74,25,10,300,300
13/10/2017,32086,131,PE,912631,1,10040,1,178,2,300,180.72
13/10/2017,32086,131,PE,912631,1,10040,1,178,2,300,180.72
17/10/2017,5429,101,PB,912462,1,10040,1,25,300,132.71,132.711664
17/10/2017,53976,131,PE,14225,1,10040,59,178,2,300,177.7
17/10/2017,49275,201,BA,14291,1,10040,59,203,4,300,275.534112
17/10/2017,53976,131,PE,14225,1,10040,59,178,2,300,177.7
18/10/2017,22024,102,PE,912811,1,10040,1,6,2,300,216.35
18/10/2017,53951,131,SE,7766,1,10041,3,156,4,300,214.527673
18/10/2017,53981,101,SE,7766,1,10041,3,215,4,300,214.527673
18/10/2017,36451,131,PI,13535,10002,10034,51,286,1,300,300.48
19/10/2017,30710,203,PE,912811,1,10040,1,281,2,300,216.35
19/10/2017,37543,131,CE,912482,1,10040,1,176,2,300,182.457211
19/10/2017,7178,201,AL,97782,1,10042,3,91,2,300,248.586772
19/10/2017,11599,131,CE,912693,1,10040,1,176,2,300,186.700765
19/10/2017,54054,131,PE,912482,1,10040,1,281,4,300,182.46
19/10/2017,54051,131,PE,912811,1,10040,1,281,2,300,216.35
20/10/2017,30710,203,PE,912811,1,10040,1,281,2,300,216.35
20/10/2017,54132,131,PE,7710,1,10040,2,178,2,300,190.25625
20/10/2017,21130,131,PE,912835,1,10040,1,281,2,300,224.08
20/10/2017,54129,131,PI,912822,1,10040,1,145,2,300,212.300944
20/10/2017,54132,131,PE,7710,1,10040,2,178,2,300,190.25625
21/10/2017,54251,131,BA,13846,1,10040,59,221,1,300,190.64
21/10/2017,45274,131,PE,913770,1,10040,1,281,2,300,211.66
21/10/2017,15707,131,PI,97781,1,10042,3,75,2,300,236.749559
24/10/2017,54363,131,PE,912822,1,10040,1,281,2,300,212.3
24/10/2017,54363,131,PE,912822,1,10040,1,281,2,300,212.3
24/10/2017,54324,131,RN,913089,1,10040,1,164,1,300,214.99
24/10/2017,54364,131,PE,912816,1,10040,1,6,4,300,214.2
25/10/2017,2559,103,AL,912818,1,10040,1,14,4,300,206.977142
25/10/2017,54455,131,PE,913770,1,10040,1,281,4,300,211.66
25/10/2017,54455,131,PE,913770,1,10040,1,281,4,300,211.66
26/10/2017,54537,131,PE,912835,1,10040,1,9,4,300,256.3456
26/10/2017,16263,201,SE,912811,1,10040,1,158,2,300,216.35
27/10/2017,54594,131,RN,912811,1,10040,1,164,2,300,216.35
27/10/2017,44316,131,PE,912811,1,10040,1,178,2,300,218.502
28/10/2017,54690,131,CE,12833,1,10040,3,296,4,300,261.23
30/10/2017,12255,202,MA,912822,1,10040,1,179,1,300,212.3
30/10/2017,45692,201,PE,14283,2,10045,74,25,4,300,300
31/10/2017,7301,101,PI,912822,1,10040,1,75,2,300,212.301364
31/10/2017,9572,101,AL,912816,1,10040,1,91,2,300,214.2
31/10/2017,3989,201,CE,13862,1,10041,59,80,2,300,262.350792
31/10/2017,27861,131,PE,913728,1,10040,3,7,1,300,211.62
1/11/2017,23560,103,AL,912822,1,10040,1,31,4,300,212.30875
1/11/2017,54899,131,CE,12484,1,10040,1,132,4,300,257.66
1/11/2017,54890,131,MA,912811,1,10040,1,179,4,300,216.35
1/11/2017,21956,101,PE,13364,10002,10034,90,178,1,300,210.222222
3/11/2017,7240,201,PE,13017,1,10040,44,123,4,300,196.259761
3/11/2017,23347,103,PI,912835,1,10040,1,145,2,300,224.081362
4/11/2017,36653,131,RN,912835,1,10040,1,155,2,300,224.08
6/11/2017,49275,201,BA,14208,1,10040,13,203,2,300,259.898794
6/11/2017,49275,201,BA,14180,1,10040,13,203,2,300,242.88201
6/11/2017,29460,131,PE,913728,1,10040,3,178,2,300,213.74
6/11/2017,22276,201,AL,97782,1,10042,3,91,3,300,248.586787
10/11/2017,30728,203,PE,913770,1,10040,1,281,3,300,211.66
11/11/2017,55531,131,MA,913728,1,10040,3,179,4,300,211.62
13/11/2017,55570,131,PE,913770,1,10040,1,298,2,300,211.66
13/11/2017,55567,303,PB,912811,1,10040,1,169,2,300,216.35
13/11/2017,4555,203,PE,913619,1,10040,3,36,4,300,237.701901
13/11/2017,55570,131,PE,913770,1,10040,1,298,2,300,211.66
14/11/2017,32008,201,AL,913770,1,10040,1,140,2,300,211.66
14/11/2017,55647,131,BA,13013,1,10040,44,223,2,300,206.94
14/11/2017,53840,131,AL,913770,1,10040,1,140,2,300,211.66
16/11/2017,55791,131,PE,912811,1,10040,1,264,1,300,216.35
16/11/2017,55812,131,PI,912822,1,10040,1,145,2,300,212.301392
16/11/2017,46713,131,PB,913770,1,10040,1,169,2,300,211.66
17/11/2017,55911,131,CE,912482,1,10040,1,176,2,300,182.457288
17/11/2017,55924,131,RN,912811,1,10040,1,164,2,300,216.35
17/11/2017,30728,203,PE,7735,1,10040,2,281,2,300,191.63
18/11/2017,55961,131,PE,912811,1,10040,1,147,2,300,216.35
18/11/2017,55975,131,PE,913728,1,10040,3,147,4,300,211.62
18/11/2017,55936,131,RN,912215,1,10040,1,293,4,300,234.83
18/11/2017,55961,131,PE,912811,1,10040,1,147,2,300,216.35
18/11/2017,55975,131,PE,913728,1,10040,3,147,4,300,211.62
20/11/2017,56032,131,CE,912822,1,10040,1,176,4,300,212.305309
21/11/2017,32690,131,PE,13126,10002,10031,39,178,1,300,166.142607
21/11/2017,56107,131,BA,14567,10002,10018,39,221,1,300,171.293962
21/11/2017,44483,203,RN,912835,1,10040,1,293,2,300,224.081327
22/11/2017,10490,102,PI,912811,1,10040,1,75,2,300,216.349475
22/11/2017,5352,101,AL,912822,1,10040,1,15,2,300,212.30875
23/11/2017,56196,131,PE,912482,1,10040,1,178,4,300,184.279854
23/11/2017,56196,131,PE,912482,1,10040,1,178,4,300,184.279854
25/11/2017,46291,203,PE,913770,1,10040,1,281,2,300,211.66
25/11/2017,37987,201,PE,13849,1,10040,59,36,2,300,204.485329
27/11/2017,56437,131,PB,14227,1,10040,59,169,2,300,181.4675
29/11/2017,30710,203,PE,913770,1,10040,1,281,3,300,211.66
29/11/2017,49244,131,PE,912811,1,10040,1,178,1,300,218.509333
29/11/2017,56569,131,BA,14438,1,10040,13,219,2,300,204.9
29/11/2017,5978,203,CE,912849,1,10040,1,34,2,300,246.137153
29/11/2017,11156,202,CE,912827,1,10040,1,34,6,300,267.253805
29/11/2017,49244,131,PE,912811,1,10040,1,178,1,300,218.509333
30/11/2017,46291,203,PE,913770,1,10040,1,281,4,300,211.66
1/12/2017,56757,131,PE,913728,1,10040,3,281,2,300,211.62
1/12/2017,56757,131,PE,913728,1,10040,3,281,2,300,211.62
1/12/2017,56738,131,RN,13016,1,10040,44,164,2,300,220.590246
1/12/2017,56737,131,AL,912811,1,10040,1,14,4,300,216.35
4/12/2017,56868,131,PE,913728,1,10040,3,298,2,300,211.62
4/12/2017,12255,202,MA,912811,1,10040,1,179,4,300,216.35
4/12/2017,56868,131,PE,913728,1,10040,3,298,2,300,211.62
4/12/2017,30728,203,PE,912835,1,10040,1,281,1,300,224.08
4/12/2017,30710,203,PE,912822,1,10040,1,281,1,300,212.3
5/12/2017,56972,131,AL,913769,1,10040,3,140,4,300,194.9
5/12/2017,30710,203,PE,912835,1,10040,1,281,2,300,224.08
5/12/2017,30710,203,PE,913770,1,10040,1,281,2,300,211.66
5/12/2017,32008,201,AL,913770,1,10040,1,140,2,300,211.66
5/12/2017,4555,203,PE,913619,1,10040,3,36,2,300,237.702177
5/12/2017,56998,131,AL,913728,1,10040,3,140,2,300,211.62
5/12/2017,33610,101,PE,912631,1,10040,1,9,2,300,179.82
5/12/2017,56976,131,RN,913089,1,10040,1,59,2,300,214.99
6/12/2017,57057,131,BA,14195,1,10040,13,212,2,300,210.283333
6/12/2017,3603,101,PE,912816,1,10040,1,281,2,300,214.2
6/12/2017,12101,210,PE,7735,1,10040,2,166,1,300,191.630219
6/12/2017,12101,210,PE,7735,1,10040,2,166,1,300,191.630219
7/12/2017,30018,131,PI,912811,1,10040,1,27,2,300,216.349953
7/12/2017,36579,131,PI,913728,1,10040,3,286,2,300,215.58875
8/12/2017,46488,202,PI,913090,1,10040,1,286,4,300,229.44
9/12/2017,57260,131,PI,912818,1,10040,1,286,2,300,206.98
9/12/2017,21996,131,PE,912631,1,10040,1,178,1,300,181.62
11/12/2017,57368,131,RN,912631,1,10040,1,164,1,300,179.82
11/12/2017,29460,131,PE,13364,10002,10034,90,178,1,300,210.074074
12/12/2017,53001,101,CE,912811,1,10040,1,13,1,300,218.509249
13/12/2017,55559,201,CE,912811,1,10040,1,275,2,300,216.349291
13/12/2017,20219,101,PI,912822,1,10040,1,286,2,300,217.464865
13/12/2017,57533,131,RN,912811,1,10040,1,285,2,300,216.349269
13/12/2017,57553,131,PE,912811,1,10040,1,298,2,300,216.35
13/12/2017,5398,203,PE,13609,1,10040,44,123,2,300,233.328415
13/12/2017,57573,131,MA,913728,1,10040,3,179,2,300,211.62
14/12/2017,300,101,PE,14151,2,10043,13,274,4,1670,1482.612278
14/12/2017,57619,131,PE,914092,1,10040,3,9,1,300,196.71
14/12/2017,34981,103,MG,913728,1,10040,3,281,4,300,211.62
14/12/2017,31841,131,PE,13364,10002,10034,90,178,1,300,210.074074
14/12/2017,46291,203,PE,913728,1,10040,3,281,2,300,211.62
14/12/2017,31841,131,PE,13364,10002,10034,90,178,1,300,210.074074
14/12/2017,57614,131,PE,912631,1,10040,1,178,4,300,181.62
15/12/2017,57766,131,AL,913770,1,10040,1,287,1,300,211.659991
15/12/2017,44051,103,PI,912811,1,10040,1,75,4,300,216.349953
15/12/2017,42571,131,PE,13364,10002,10034,90,178,1,300,210.074074
16/12/2017,11486,102,PI,912816,1,10040,1,75,2,300,214.1988
16/12/2017,57614,131,PE,912631,1,10040,1,178,4,300,181.62
16/12/2017,57813,131,PE,912631,1,10040,1,281,2,300,168.75
18/12/2017,30710,203,PE,913770,1,10040,1,318,2,300,211.66
18/12/2017,57860,131,BA,14437,1,10040,13,219,1,300,204.9
18/12/2017,57918,131,AL,912822,1,10040,1,14,1,300,212.300438
18/12/2017,57826,131,RN,912818,1,10040,1,293,2,300,206.979743
18/12/2017,22589,131,MA,913728,1,10040,3,191,4,300,211.62
18/12/2017,16263,201,SE,912811,1,10040,1,313,1,300,216.35
18/12/2017,27429,131,RN,912822,1,10040,1,164,4,300,212.3
18/12/2017,57930,131,PE,912835,1,10040,1,9,4,300,253.880867
19/12/2017,57961,131,SE,912811,1,10040,1,108,2,300,216.35
20/12/2017,30710,203,PE,913728,1,10040,3,318,2,300,211.62
20/12/2017,58074,131,RN,912816,1,10040,1,293,2,300,214.198804
20/12/2017,3509,202,PE,97782,1,10042,3,123,3,300,248.589166
20/12/2017,58098,131,PE,912822,1,10040,1,298,4,300,212.3
20/12/2017,58098,131,PE,912822,1,10040,1,298,4,300,212.3
20/12/2017,58158,201,PE,913770,1,10040,1,298,1,300,211.66
20/12/2017,9165,131,AL,912822,1,10040,1,14,2,300,212.300438
20/12/2017,20167,101,PI,912482,1,10040,1,286,1,300,187.769118
20/12/2017,58075,131,MA,913728,1,10040,3,179,2,300,211.62
21/12/2017,58241,131,AL,912818,1,10040,1,14,2,300,206.002667
21/12/2017,54860,101,SE,912811,1,10040,1,156,4,300,216.35
21/12/2017,58241,131,AL,912818,1,10040,1,14,2,300,206.002667
21/12/2017,2035,203,PE,14291,1,10040,59,7,4,300,249.219952
21/12/2017,58167,131,RN,912818,1,10040,1,293,2,300,206.979743
22/12/2017,4555,203,PE,14290,1,10040,59,36,4,300,213.720044
22/12/2017,58402,131,PE,912818,1,10040,1,178,2,300,209.05
22/12/2017,27436,131,PE,912818,1,10040,1,281,2,300,206.98
22/12/2017,58338,131,RN,913770,1,10040,1,164,2,300,211.66
23/12/2017,58461,131,BA,13013,1,10040,44,312,2,300,206.94
26/12/2017,58525,131,PE,13004,10002,10031,39,178,1,300,192.524811
26/12/2017,58552,131,PE,912816,1,10040,1,9,2,300,214.2
26/12/2017,58525,131,PE,13004,10002,10031,39,178,1,300,192.524811
26/12/2017,58540,131,PI,912816,1,10040,1,75,2,300,214.1988
26/12/2017,16263,201,SE,912811,1,10040,1,313,2,300,216.35
26/12/2017,58489,131,BA,14195,1,10040,13,219,2,300,215.49675
26/12/2017,30710,203,PE,913728,1,10040,3,318,2,300,211.62
26/12/2017,58485,131,BA,14195,1,10040,13,219,4,300,215.49675
27/12/2017,36451,131,PI,912811,1,10040,1,286,4,300,222.389306
27/12/2017,52279,131,PB,912822,1,10040,1,169,1,300,212.3
28/12/2017,55798,101,MA,914338,1,10040,1,209,2,300,165.53298
29/12/2017,58956,131,CE,912811,1,10040,1,296,4,300,218.509766
29/12/2017,300,101,PE,13909,2,10043,13,274,4,1515,1354.174893
29/12/2017,300,101,PE,13958,2,10043,13,274,4,1590,1419.010062
30/12/2017,28015,203,CE,912849,1,10040,1,34,4,300,246.136402
30/12/2017,58968,131,PB,912816,1,10040,1,195,2,300,214.19804
30/12/2017,3569,203,PE,912462,1,10040,1,123,300,139.9,132.712616
30/12/2017,58964,131,PE,913770,1,10040,1,281,4,300,211.66
30/12/2017,28377,131,CE,912818,1,10040,1,80,4,300,209.05
30/12/2017,8664,203,PI,912462,1,10040,1,143,300,147,132.712865
3/01/2018,8664,203,PI,912462,1,10040,1,143,300,147,132.712865
3/01/2018,42555,131,CE,912811,1,10040,1,132,2,300,218.509766
3/01/2018,59153,131,AL,912822,1,10040,1,324,4,300,212.300099
4/01/2018,25655,131,PB,912818,1,10040,1,83,4,300,206.98
5/01/2018,46291,203,PE,913728,1,10040,3,318,4,300,211.62
5/01/2018,59273,131,RN,912822,1,10040,1,164,4,300,212.3
5/01/2018,11172,131,RN,912818,1,10040,1,285,2,300,206.979856
5/01/2018,59341,131,MA,912811,1,10040,1,179,1,300,216.35
5/01/2018,59284,131,RN,912818,1,10040,1,285,2,300,206.979856
6/01/2018,9925,101,PI,97781,1,10042,3,27,3,300,236.749501
8/01/2018,59341,131,MA,912811,1,10040,1,179,1,300,216.35
8/01/2018,59465,131,RN,912811,1,10040,1,164,2,300,216.35
9/01/2018,59563,101,MA,912818,1,10040,1,95,4,300,206.979992
10/01/2018,59672,131,BA,13013,1,10040,44,212,2,300,206.94
10/01/2018,3977,202,PE,7720,1,10040,2,166,4,300,235.308919
10/01/2018,23936,131,PI,13535,10002,10034,51,286,1,300,246.5
11/01/2018,30710,203,PE,913770,1,10040,1,318,2,300,211.66
11/01/2018,53652,301,PE,912835,1,10040,1,281,2,300,224.08
11/01/2018,14672,202,PE,912462,1,10040,1,4,300,147,132.712616
11/01/2018,23928,131,PE,912822,1,10040,1,25,4,300,212.301976
11/01/2018,35558,101,MA,913090,1,10040,1,184,4,300,222.76
12/01/2018,61976,131,RN,913770,1,10040,1,164,4,300,211.66
13/01/2018,62082,131,SE,913770,1,10040,1,156,4,300,211.659991
13/01/2018,26051,131,CE,912835,1,10040,1,296,2,300,226.319765
15/01/2018,42952,131,CE,97801,1,10040,1,296,1,300,174.007979
15/01/2018,62165,131,PE,912840,1,10040,1,281,2,300,187.92
15/01/2018,37677,131,PI,912818,1,10040,1,286,2,300,211.12
15/01/2018,62175,131,PI,13848,1,10040,59,286,2,300,199.374975
15/01/2018,23261,131,RN,912811,1,10040,1,164,2,300,216.35
16/01/2018,62226,131,RN,913090,1,10040,1,164,2,300,222.76
16/01/2018,20161,131,PI,912693,1,10040,1,286,2,300,192.261489
16/01/2018,2680,203,PE,913619,1,10040,3,36,2,300,237.702263
16/01/2018,16263,201,SE,912811,1,10040,1,313,1,300,216.35
17/01/2018,62344,131,PB,912693,1,10040,1,208,4,300,186.7
17/01/2018,62306,131,PI,912693,1,10040,1,145,4,300,186.702012
17/01/2018,62338,131,PE,912482,1,10040,1,178,4,300,184.279999
17/01/2018,62338,131,PE,912482,1,10040,1,178,4,300,184.279999
17/01/2018,62390,131,BA,14601,1,10040,13,220,4,300,225.124
18/01/2018,62450,131,RN,912811,1,10040,1,164,2,300,216.35
18/01/2018,14367,101,PE,912811,1,10040,1,281,2,300,216.35
18/01/2018,62473,131,PB,912693,1,10040,1,169,4,300,186.7
18/01/2018,15131,201,AL,913089,1,10040,1,14,2,300,211.33
19/01/2018,30710,203,PE,913770,1,10040,1,318,1,300,211.66
19/01/2018,30710,203,PE,913770,1,10040,1,318,1,300,211.66
20/01/2018,62596,131,RN,912822,1,10040,1,164,2,300,212.3
20/01/2018,62621,131,AL,912822,1,10040,1,324,2,300,212.300099
22/01/2018,62620,131,PE,912822,1,10040,1,298,2,300,212.3
22/01/2018,62680,131,BA,14195,1,10040,13,212,4,300,203.312871
23/01/2018,44401,101,MA,912816,1,10040,1,179,2,300,214.2
25/01/2018,35623,131,PI,912822,1,10040,1,145,2,300,212.301915
25/01/2018,38811,131,PE,912693,1,10040,1,281,4,300,186.65
25/01/2018,36924,131,PE,13364,10002,10034,90,178,1,300,210
26/01/2018,63025,131,PE,912631,1,10040,1,178,2,300,181.62
26/01/2018,3477,201,PE,14291,1,10040,59,9,4,300,249.219988
26/01/2018,63020,131,PE,913728,1,10040,3,281,2,300,211.62
26/01/2018,62967,131,BA,14437,1,10040,13,212,1,300,204.9
26/01/2018,63025,131,PE,912631,1,10040,1,178,2,300,181.62
26/01/2018,62993,131,PI,13847,1,10040,59,145,2,300,216.510432
27/01/2018,63087,131,MA,912482,1,10040,1,179,4,300,182.46
29/01/2018,29807,131,PE,912816,1,10040,1,281,2,300,214.2
30/01/2018,14413,101,SE,912816,1,10040,1,108,4,300,214.2
30/01/2018,50026,131,CE,912811,1,10040,1,132,2,300,215.512582
30/01/2018,16263,201,SE,912811,1,10040,1,303,1,300,216.35
30/01/2018,7408,101,PI,13535,10002,10034,51,286,1,300,246.5
31/01/2018,30710,203,PE,912822,1,10040,1,318,1,300,212.3
31/01/2018,300,101,PE,13958,2,10043,13,274,6,1590,1441.503844
31/01/2018,8465,203,PE,97781,1,10042,3,43,1,300,236.752632
31/01/2018,57010,131,RN,913768,1,10040,1,293,2,300,237.733247
31/01/2018,63323,131,PI,912818,1,10040,1,286,4,300,212.946471
31/01/2018,63320,131,AL,912818,1,10040,1,140,2,300,202.36
1/02/2018,14874,131,CE,912835,1,10040,1,297,2,300,226.319928
2/02/2018,63458,131,PE,912822,1,10040,1,281,4,300,212.3
2/02/2018,63438,131,SE,912822,1,10040,1,156,2,300,212.302051
5/02/2018,63597,131,PE,912816,1,10040,1,281,2,300,214.2
5/02/2018,22375,131,MA,913658,1,10040,3,179,4,300,213.23
6/02/2018,63678,131,PE,13813,1,10040,54,10,1,300,259
7/02/2018,300,101,PE,14150,2,10043,13,274,4,1750,1585.889752
7/02/2018,57411,131,PB,912482,1,10040,1,169,2,300,182.46
14/02/2018,29675,201,CE,97782,1,10042,3,80,4,300,247.53
14/02/2018,64141,131,PE,912631,1,10040,1,178,2,300,181.62
14/02/2018,64141,131,PE,912631,1,10040,1,178,2,300,181.62
15/02/2018,49079,201,CE,97781,1,10042,3,13,4,300,235.504487
15/02/2018,55812,131,PI,912822,1,10040,1,145,2,300,212.301991
15/02/2018,48723,101,PI,13535,10002,10034,51,175,1,300,252.833333
15/02/2018,64189,131,PI,913728,1,10040,3,286,4,300,217.97
15/02/2018,47074,131,SE,912693,1,10040,1,158,2,300,186.7
15/02/2018,33205,103,RN,912818,1,10040,1,293,4,300,206.979905
16/02/2018,21044,131,AL,912822,1,10040,1,324,4,300,212.300099
16/02/2018,64265,131,MA,914338,1,10040,1,191,2,300,165.53
16/02/2018,64328,131,PE,912693,1,10040,1,298,4,300,186.644375
16/02/2018,22681,131,PE,912811,1,10040,1,281,2,300,216.35
17/02/2018,64399,131,SE,912811,1,10040,1,158,2,300,216.35
17/02/2018,64409,131,PI,913728,1,10040,3,286,2,300,217.97
19/02/2018,64490,131,PI,913728,1,10040,3,286,3,300,217.97
19/02/2018,64477,131,PE,912835,1,10040,1,25,2,300,224.083575
19/02/2018,64422,101,MA,913658,1,10040,3,179,2,300,213.23
20/02/2018,64567,131,PB,912840,1,10040,1,169,2,300,187.92
20/02/2018,64579,131,CE,912822,1,10040,1,296,4,300,214.43
21/02/2018,64616,131,AL,913090,1,10040,1,324,2,300,222.76
21/02/2018,64616,131,AL,912811,1,10040,1,324,2,300,216.35
21/02/2018,48265,131,PB,913728,1,10040,3,169,4,300,211.62
23/02/2018,30710,203,PE,913728,1,10040,3,318,2,300,211.62
23/02/2018,64778,131,SE,912810,1,10040,1,158,1,300,190.86
23/02/2018,64778,131,SE,913770,1,10040,1,158,1,300,211.66
24/02/2018,30710,203,PE,913770,1,10040,1,318,1,300,211.66
24/02/2018,33681,131,PI,912818,1,10040,1,286,4,300,212.946471
24/02/2018,31714,131,RN,913090,1,10040,1,164,4,300,222.76
24/02/2018,64861,131,BA,14195,1,10040,13,212,2,300,203.312871
24/02/2018,22519,131,SE,912818,1,10040,1,158,4,300,206.98
26/02/2018,64946,131,PI,13535,10002,10034,51,286,1,300,252.833333
26/02/2018,59284,131,RN,912818,1,10040,1,285,2,300,206.979905
26/02/2018,64923,131,PB,912482,1,10040,1,169,4,300,182.46
27/02/2018,65009,131,PE,912835,1,10040,1,281,2,300,224.08
27/02/2018,30710,203,PE,14320,1,10040,59,318,2,300,173.5
27/02/2018,30710,203,PE,14320,1,10040,59,318,2,300,173.5
28/02/2018,30710,203,PE,14323,1,10040,59,318,2,300,150.11
1/03/2018,34981,103,MG,912811,1,10040,1,318,1,300,216.35
2/03/2018,20698,131,PE,13604,10002,10034,39,178,3,300,161.484684
2/03/2018,30960,131,PE,912631,1,10040,1,178,1,300,181.62
2/03/2018,65269,131,PE,912816,1,10040,1,298,2,300,214.2
2/03/2018,20698,131,PE,13604,10002,10034,39,178,3,300,161.484684
2/03/2018,30960,131,PE,912631,1,10040,1,178,1,300,181.62
2/03/2018,65291,131,MA,912822,1,10040,1,179,4,300,212.3
3/03/2018,65361,131,PE,912822,1,10040,1,281,2,300,210.05
5/03/2018,48193,201,AL,913728,1,10040,3,324,4,300,211.62
6/03/2018,44401,101,MA,912816,1,10040,1,179,4,300,214.2
6/03/2018,23808,131,RN,912631,1,10040,1,155,4,300,179.82
7/03/2018,9941,203,CE,97781,1,10042,3,176,2,300,235.504487
7/03/2018,65495,131,RN,912816,1,10040,1,155,1,300,214.2
7/03/2018,65521,131,CE,912835,1,10040,1,296,4,300,226.319988
7/03/2018,65581,131,PB,913728,1,10040,3,169,2,300,211.62
8/03/2018,65660,131,PI,913728,1,10040,3,286,5,300,209.648333
8/03/2018,62793,202,PE,913763,1,10040,1,9,2,300,242.70399
8/03/2018,65652,131,SE,912693,1,10040,1,158,2,300,186.7
8/03/2018,65670,131,BA,14197,1,10040,13,219,1,300,167.26
8/03/2018,65628,131,CE,7735,1,10040,2,132,1,300,207.87902
10/03/2018,33083,131,RN,912818,1,10040,1,164,2,300,206.98
12/03/2018,20219,101,PI,13535,10002,10034,51,286,1,300,222.238095
12/03/2018,22024,102,PE,912822,1,10040,1,6,2,300,210.05
12/03/2018,30664,131,AL,912822,1,10040,1,324,2,300,212.300099
13/03/2018,65939,131,PI,13535,10002,10034,51,175,1,300,222.238095
13/03/2018,30710,203,PE,912811,1,10040,1,318,2,300,215.075
14/03/2018,66099,131,PI,13535,10002,10034,51,286,1,300,222.238095
14/03/2018,66044,131,PE,14320,1,10040,59,178,2,300,175.24
14/03/2018,46876,101,CE,913770,1,10040,1,132,2,300,208.153761
14/03/2018,66046,131,PB,912631,1,10040,1,169,2,300,179.82
14/03/2018,66069,131,MA,912810,1,10040,1,179,2,300,190.859913
14/03/2018,58789,131,MA,97801,1,10040,1,179,1,300,172.282027
15/03/2018,47291,131,PE,912631,1,10040,1,166,2,300,181.62
15/03/2018,66117,131,PB,913728,1,10040,3,169,4,300,211.62
15/03/2018,47291,131,PE,912631,1,10040,1,166,2,300,181.62
15/03/2018,30728,203,PE,913728,1,10040,3,318,2,300,207.89
16/03/2018,45448,131,PI,912818,1,10040,1,286,2,300,212.946471
20/03/2018,2856,203,AL,912462,1,10040,1,15,300,145,131.450319
20/03/2018,36727,131,SE,912811,1,10040,1,158,2,300,216.35
21/03/2018,26854,131,PI,13535,10002,10034,51,286,1,300,222.238095
21/03/2018,23560,103,AL,912835,1,10040,1,324,2,300,224.08
22/03/2018,66624,103,RN,912816,1,10040,1,164,1,300,214.2
22/03/2018,2013,103,AL,912811,1,10040,1,324,1,300,216.35
23/03/2018,58396,131,MA,912810,1,10040,1,179,2,300,190.859957
23/03/2018,31411,101,MA,912816,1,10040,1,96,1,300,214.198021
23/03/2018,14525,201,MA,97781,1,10042,3,337,2,300,236.749721
23/03/2018,58396,131,MA,912810,1,10040,1,179,2,300,190.859957
24/03/2018,66807,131,SE,912811,1,10040,1,158,2,300,216.35
24/03/2018,24765,101,PE,912482,1,10040,1,178,4,300,184.28
27/03/2018,66858,131,PE,13004,10002,10031,39,178,2,300,120.625056
27/03/2018,49327,131,RN,912835,1,10040,1,164,4,300,224.08
27/03/2018,66973,131,MA,913728,1,10040,3,179,4,300,203.540173
28/03/2018,67022,131,PI,13535,10002,10034,51,286,1,300,217.039682
28/03/2018,30710,203,PE,912818,1,10040,1,318,1,300,206.98
28/03/2018,67132,131,PI,912818,1,10040,1,286,4,300,212.946471
29/03/2018,47237,101,MA,912811,1,10040,1,174,2,300,207.7
29/03/2018,32253,131,RN,913770,1,10040,1,164,2,300,211.66
31/03/2018,36362,202,AL,913768,1,10040,1,324,5,300,237.73
31/03/2018,67267,103,RN,912835,1,10040,1,164,2,300,224.08
31/03/2018,67281,103,RN,913089,1,10040,1,164,4,300,214.98
31/03/2018,49004,131,RN,912822,1,10040,1,164,1,300,210.43
2/04/2018,67288,131,MA,913728,1,10040,3,179,2,300,203.540049
2/04/2018,67295,103,RN,913658,1,10040,3,164,2,300,213.23
2/04/2018,66858,131,PE,13004,10002,10031,39,178,2,300,120.625056
2/04/2018,52787,131,PI,912818,1,10040,1,286,4,300,212.946471
2/04/2018,67294,131,PB,912818,1,10040,1,304,4,300,206.98
3/04/2018,24993,131,PI,913728,1,10040,3,286,2,300,209.648333
3/04/2018,67418,131,BA,14601,1,10040,13,212,1,300,225.062652
3/04/2018,24512,131,PI,13535,10002,10034,51,286,1,300,217.039682
3/04/2018,11982,201,CE,912215,1,10040,1,13,4,300,234.831974
4/04/2018,36373,131,PI,913728,1,10040,3,286,1,300,209.648333
4/04/2018,67492,103,SE,912835,1,10040,1,158,4,300,224.08
5/04/2018,49959,201,BA,14173,1,10040,14,25,300,180.45,180.451732
5/04/2018,67582,103,SE,912811,1,10040,1,158,2,300,216.35
5/04/2018,47798,131,RN,912811,1,10040,1,164,1,300,209.118
9/04/2018,39527,131,BA,14601,1,10040,13,212,2,300,225.062652
11/04/2018,22027,201,PB,912811,1,10040,1,83,4,300,217.092124
12/04/2018,53652,301,PE,13364,10002,10034,90,147,1,300,264
12/04/2018,15094,202,AL,97781,1,10042,3,91,6,300,235.969793
12/04/2018,4395,202,CE,912215,1,10040,1,13,4,300,234.831974
12/04/2018,68065,103,RN,912822,1,10040,1,164,2,300,208.756429
12/04/2018,30664,131,AL,912822,1,10040,1,324,2,300,212.300099
12/04/2018,23560,103,AL,912835,1,10040,1,324,2,300,224.08
13/04/2018,20711,301,PE,13604,10002,10034,39,178,1,300,190.422666
13/04/2018,30710,203,PE,14229,1,10040,59,318,2,300,167.362076
13/04/2018,20194,131,PI,13535,10002,10034,51,286,1,300,217.039682
13/04/2018,46488,202,PI,912818,1,10040,1,286,4,300,213.19
14/04/2018,49171,131,AL,912693,1,10040,1,324,4,300,186.3
14/04/2018,30728,203,PE,14529,1,10040,28,318,1,300,262
14/04/2018,30728,203,PE,14435,1,10040,14,318,1,300,190.35
14/04/2018,34981,103,MG,913728,1,10040,3,318,1,300,207.89
16/04/2018,68234,103,RN,913770,1,10040,1,164,1,300,211.66
17/04/2018,305,101,PE,912835,1,10040,1,9,2,300,224.08
18/04/2018,68458,131,BA,14601,1,10040,13,212,1,300,225.14
18/04/2018,33205,103,RN,914772,1,10040,1,127,1,300,224.909991
19/04/2018,68626,303,PE,912811,1,10040,1,178,4,300,214.494658
19/04/2018,68563,303,PE,912818,1,10040,1,178,3,300,209.05
23/04/2018,53118,201,RN,914772,1,10040,1,127,1,300,224.909991
23/04/2018,68805,131,PI,913728,1,10040,3,286,1,300,209.649667
23/04/2018,68774,303,PE,912835,1,10040,1,281,2,300,224.08
24/04/2018,30710,203,PE,913728,1,10040,3,318,1,300,207.89
25/04/2018,41319,131,RN,912811,1,10040,1,164,1,300,208.7204
25/04/2018,57371,131,AL,912840,1,10040,1,340,2,300,187.92
25/04/2018,68948,131,BA,14601,1,10040,13,212,2,300,225.14
25/04/2018,68909,103,RN,912811,1,10040,1,164,2,300,209.118
25/04/2018,68894,103,RN,912835,1,10040,1,164,2,300,224.08
25/04/2018,68956,303,PE,912835,1,10040,1,328,4,300,224.08179
26/04/2018,34981,103,MG,912835,1,10040,1,318,4,300,224.08
27/04/2018,69095,131,PI,13535,10002,10034,51,286,1,300,217.039682
28/04/2018,68682,101,CE,912811,1,10040,1,132,4,300,208.187172
30/04/2018,300,101,PE,13958,2,10043,13,274,2,1600,1447.273247
30/04/2018,69346,103,RN,912816,1,10040,1,164,2,300,214.2
30/04/2018,56943,303,CE,913770,1,10040,1,349,2,300,213.78
30/04/2018,69264,101,MA,912835,1,10040,1,179,4,300,224.08
2/05/2018,56943,303,CE,912816,1,10040,1,349,2,300,216.340004
4/05/2018,69560,303,PE,912816,1,10040,1,328,2,300,214.2
7/05/2018,69756,303,PE,912835,1,10040,1,328,2,300,224.08
7/05/2018,49034,103,PE,912816,1,10040,1,274,4,300,214.198004
8/05/2018,32268,203,PE,913619,1,10040,3,4,4,300,237.702347
9/05/2018,69858,101,SE,912816,1,10040,1,158,1,300,214.2
9/05/2018,68067,201,SP,12952,10002,10032,39,169,1,300,49.59
10/05/2018,36691,101,PE,912811,1,10040,1,178,4,300,213.332624
10/05/2018,69995,131,PB,912818,1,10040,1,169,4,300,206.98
10/05/2018,69992,101,PE,912822,1,10040,1,178,4,300,206.967083
10/05/2018,22027,201,PB,912835,1,10040,1,83,4,300,225.370456
11/05/2018,38761,201,MA,912849,1,10040,1,95,4,300,237.06782
11/05/2018,70050,103,RN,912811,1,10040,1,164,2,300,208.60112
11/05/2018,54049,202,AL,912849,1,10040,1,141,2,300,246.14
11/05/2018,4325,131,PE,912482,1,10040,1,281,1,300,182.46
12/05/2018,70164,303,SE,912822,1,10040,1,158,2,300,208.589975
14/05/2018,70237,303,PE,912811,1,10040,1,178,4,300,213.332624
14/05/2018,172,203,PE,12651,1,10040,2,25,300,153.13,129.010562
14/05/2018,70225,203,RN,913619,1,10040,3,127,4,300,237.702357
14/05/2018,53652,301,PE,13364,10002,10034,90,147,1,300,264
15/05/2018,52033,131,CE,912811,1,10040,1,296,2,300,210.282233
16/05/2018,21151,101,PE,912822,1,10040,1,178,2,300,206.967083
19/05/2018,70653,303,PE,913088,1,10040,1,328,4,300,217.49
19/05/2018,68067,201,SP,912835,1,10040,1,296,2,300,226.319997
19/05/2018,70661,131,BA,14601,1,10040,13,212,4,300,225.134444
21/05/2018,6927,212,PE,912835,1,10040,1,166,2,300,224.083597
22/05/2018,70758,101,MA,13001,10002,10031,39,304,2,300,207.440043
23/05/2018,6947,103,CE,912811,1,10040,1,176,4,300,208.187172
23/05/2018,70858,131,BA,14601,1,10040,13,329,4,300,225.122581
23/05/2018,70820,101,PE,912816,1,10040,1,178,4,300,216.34
24/05/2018,9067,103,CE,912816,1,10040,1,33,1,300,213.809783
24/05/2018,70891,101,BA,14601,1,10040,13,188,2,300,225.12
29/05/2018,2474,203,AL,97782,1,10042,3,91,3,300,252.072896
29/05/2018,70410,131,BA,14601,1,10040,13,329,2,300,225.122581
30/05/2018,71150,131,PE,912482,1,10040,1,281,2,300,182.46
31/05/2018,34981,103,MG,913728,1,10040,3,318,3,300,205.16
1/06/2018,71316,103,RN,912816,1,10040,1,164,4,300,214.2
1/06/2018,71264,131,PI,912811,1,10040,1,286,1,300,217.98
1/06/2018,6947,103,CE,14030,1,10040,59,176,2,300,230.40306
2/06/2018,71370,131,AL,912822,1,10040,1,340,2,300,205.620938
4/06/2018,26721,131,RN,913728,1,10040,3,164,2,300,211.62
4/06/2018,71449,131,PB,912818,1,10040,1,169,4,300,206.98
5/06/2018,71508,131,RN,912849,1,10040,1,127,2,300,234.091087
5/06/2018,71486,101,RN,912835,1,10040,1,127,4,300,224.08
5/06/2018,12265,201,CE,912822,1,10040,1,296,2,300,208.554665
5/06/2018,12265,201,CE,97781,1,10042,3,296,4,300,239.011755
5/06/2018,13213,201,MA,912835,1,10040,1,95,4,300,224.083524
6/06/2018,71606,131,BA,912811,1,10040,1,212,4,300,207.7
6/06/2018,68067,201,SP,912835,1,10040,1,296,2,300,226.319999
7/06/2018,71725,300,PE,912524,1,10040,1,166,2,222.47,160.180753
7/06/2018,71665,131,PI,912822,1,10040,1,286,4,300,213.248509
7/06/2018,71730,131,PI,912811,1,10040,1,286,4,300,217.98
7/06/2018,68067,201,SP,912835,1,10040,1,296,4,300,226.32
8/06/2018,71750,131,SE,912811,1,10040,1,158,2,300,216.35
8/06/2018,71762,131,SE,913088,1,10040,1,158,2,300,217.49
9/06/2018,52871,303,PE,912835,1,10040,1,281,2,300,224.08
9/06/2018,71885,131,AL,912811,1,10040,1,340,2,300,213.845
9/06/2018,71904,303,PE,912816,1,10040,1,281,2,300,214.2
11/06/2018,71922,131,BA,97801,1,10040,1,219,2,300,172.28
11/06/2018,47018,131,PI,912822,1,10040,1,286,1,300,213.248509
11/06/2018,70307,103,RN,13016,1,10040,44,164,2,300,220.590246
13/06/2018,68067,201,SP,912835,1,10040,1,296,2,300,226.32
13/06/2018,72163,131,RN,912811,1,10040,1,164,4,300,204.2773
13/06/2018,58844,131,PI,913088,1,10040,1,286,4,300,221.555
14/06/2018,72259,131,PI,912693,1,10040,1,286,2,300,192.298395
15/06/2018,72058,131,PB,14014,10002,10032,66,169,1,300,116.37
15/06/2018,72300,131,PE,913728,1,10040,3,264,4,300,203.6
15/06/2018,72281,131,AL,912482,1,10040,1,31,2,300,181.908477
16/06/2018,72375,131,BA,14435,1,10040,14,212,2,300,182.837367
18/06/2018,72452,303,RN,912816,1,10040,1,127,1,300,214.198013
18/06/2018,52481,131,AL,912818,1,10040,1,344,1,300,204.64
19/06/2018,72581,131,PI,13535,10002,10034,51,286,1,300,236.862812
19/06/2018,72645,303,MA,912822,1,10040,1,179,1,300,210.38
19/06/2018,72636,131,PE,912811,1,10040,1,281,2,300,213.4975
19/06/2018,50511,101,MA,912816,1,10040,1,335,1,300,214.198072
20/06/2018,20155,101,PI,912816,1,10040,1,286,1,300,220.62
20/06/2018,72756,301,PE,7717,1,10040,2,178,4,300,189.42
20/06/2018,72749,303,PE,912835,1,10040,1,281,2,300,224.08
21/06/2018,23758,131,RN,912822,1,10040,1,127,2,300,208.296269
22/06/2018,68067,201,SP,912835,1,10040,1,296,2,300,226.32
22/06/2018,72919,131,BA,912811,1,10040,1,220,4,300,207.7
22/06/2018,66867,101,RN,912835,1,10040,1,127,2,300,224.083449
22/06/2018,72941,101,PE,912811,1,10040,1,178,4,300,212.653232
23/06/2018,73042,131,PI,913728,1,10040,3,286,2,300,211.328267
26/06/2018,50526,201,MA,912849,1,10040,1,174,3,300,238.100934
26/06/2018,73137,131,PI,912693,1,10040,1,286,2,300,192.298395
26/06/2018,63025,131,PE,912631,1,10040,1,178,4,300,181.62
27/06/2018,73242,101,RN,913089,1,10040,1,127,4,300,223.59
28/06/2018,6947,103,CE,912818,1,10040,1,176,3,300,206.800966
28/06/2018,46891,131,PE,912631,1,10040,1,281,1,300,179.82
28/06/2018,13834,201,PE,913763,1,10040,1,7,4,300,221.889991
28/06/2018,54389,201,CE,913619,1,10040,3,360,2,300,237.617913
28/06/2018,73280,303,SE,912822,1,10040,1,158,4,300,208.59
29/06/2018,38867,131,PE,13004,10002,10031,39,178,1,300,162.082878
30/06/2018,73539,103,RN,912811,1,10040,1,164,4,300,201.71
30/06/2018,4025,203,PB,912462,1,10040,1,15,300,145,132.712973
2/07/2018,29228,131,PE,912631,1,10040,1,178,2,300,181.62
3/07/2018,8355,203,PI,912829,1,10040,1,28,3,300,252.058998
4/07/2018,73714,131,AL,912840,1,10040,1,340,4,300,187.92
5/07/2018,70307,103,RN,913658,1,10040,3,164,2,300,213.23
5/07/2018,21943,202,CE,912822,1,10040,1,176,2,300,205.557366
5/07/2018,73787,131,PI,912811,1,10040,1,145,4,300,207.280264
6/07/2018,73909,131,BA,14472,1,10040,14,219,2,300,198.531199
6/07/2018,73880,131,RN,912818,1,10040,1,164,1,300,206.98
7/07/2018,68673,103,PE,912811,1,10040,1,304,4,300,204.67
9/07/2018,20194,131,PI,13535,10002,10034,51,286,1,300,236.862812
9/07/2018,32686,131,PI,13535,10002,10034,51,286,1,300,236.862812
10/07/2018,74150,300,PE,912524,1,10040,1,306,4,158.04,155.975984
11/07/2018,32317,131,AL,913728,1,10040,3,340,2,300,211.62
12/07/2018,12255,202,MA,913770,1,10040,1,315,4,300,204.17
13/07/2018,74477,131,RN,912818,1,10040,1,164,2,300,206.98
13/07/2018,74413,303,PE,912822,1,10040,1,9,5,300,207.17853
14/07/2018,74535,131,RN,913728,1,10040,3,164,2,300,211.62
14/07/2018,30775,101,RN,912811,1,10040,1,164,4,300,201.71
14/07/2018,44051,103,PI,912811,1,10040,1,75,4,300,207.280264
16/07/2018,74682,101,BA,14194,1,10040,14,329,2,300,188.497
17/07/2018,74729,131,RN,912818,1,10040,1,164,4,300,206.98
19/07/2018,24142,101,RN,912835,1,10040,1,127,2,300,224.083515
20/07/2018,10825,211,PI,12352,1,10041,1,28,4,300,240.580678
20/07/2018,15556,131,PE,912693,1,10040,1,178,1,300,188.56
20/07/2018,300,101,PE,13958,2,10043,13,274,16,1600,1447.273247
20/07/2018,47237,101,MA,912818,1,10040,1,209,2,300,206.979993
21/07/2018,75121,303,PE,912811,1,10040,1,264,4,300,204.67
23/07/2018,75240,131,CE,912811,1,10040,1,296,2,300,207.018896
23/07/2018,30710,203,PE,912822,1,10040,1,318,1,300,205.530769
23/07/2018,30710,203,PE,912822,1,10040,1,318,1,300,205.530769
23/07/2018,30710,203,PE,912822,1,10040,1,318,2,300,205.530769
24/07/2018,28249,103,CE,912822,1,10040,1,176,4,300,205.557366
24/07/2018,75300,131,CE,912811,1,10040,1,296,1,300,207.018896
25/07/2018,11302,101,PE,912818,1,10040,1,9,1,300,206.98
25/07/2018,10420,201,CE,912811,1,10040,1,176,2,300,203.701323
25/07/2018,55601,201,PE,912822,1,10040,1,6,2,300,205.638254
26/07/2018,75482,131,PE,912840,1,10040,1,178,2,300,189.79
27/07/2018,8022,203,RN,912829,1,10040,1,339,2,300,288.37
27/07/2018,28376,131,CE,912811,1,10040,1,360,2,300,203.701323
30/07/2018,8335,202,PI,912827,1,10040,1,28,2,300,267.25328
31/07/2018,5603,203,PB,912829,1,10040,1,342,4,300,271.066395
31/07/2018,10031,131,PE,912818,1,10040,1,178,2,300,209.05
2/08/2018,41905,202,CE,913619,1,10040,3,360,2,300,237.617913
2/08/2018,69111,201,CE,97781,1,10042,3,13,2,300,223.118391
3/08/2018,11625,210,CE,913619,1,10040,3,296,2,300,240.08
3/08/2018,12460,201,CE,913089,1,10040,1,360,2,300,220.021016
3/08/2018,76037,131,RN,912840,1,10040,1,164,2,300,187.92
3/08/2018,76024,303,PE,912816,1,10040,1,178,2,300,216.34
3/08/2018,15873,201,MA,912822,1,10040,1,377,2,300,210.376821
4/08/2018,14698,101,MA,913770,1,10040,1,179,1,300,201.93875
7/08/2018,76336,300,PE,97782,1,10042,3,306,2,331.45,253.058261
8/08/2018,76354,131,PI,14227,1,10040,59,286,4,300,195.37946
10/08/2018,21151,101,PE,912811,1,10040,1,178,4,300,204.344964
11/08/2018,73122,101,PE,912811,1,10040,1,178,4,300,204.808321
13/08/2018,76719,303,PE,913770,1,10040,1,178,4,300,213.78
13/08/2018,66831,131,PI,14227,1,10040,59,286,2,300,195.37946
13/08/2018,59188,131,SE,12687,1,10040,1,156,1,300,109.094928
14/08/2018,38794,201,BA,14173,1,10040,14,25,300,207.52,209.276844
14/08/2018,76814,131,BA,14438,1,10040,13,221,2,300,204.9
