codprod,codmarca,codepto,codsec
12965,39,10002,10033
2809,1,10006,10011
2810,1,10006,10013
7571,2,1,10040
7565,20,1,10041
5106,4,10006,10011
4917,1,10006,10011
4918,1,10006,10013
11978,2,1,10040
6906,14,2,10043
6907,13,2,10043
7477,39,1,10040
7654,19,1,10041
7657,9,2,10045
7658,2,2,10043
7667,2,1,10042
7668,2,2,10043
7144,14,2,10045
7146,13,2,10043
7669,2,2,10043
7670,2,2,10043
7671,2,2,10043
7672,2,2,10043
7673,18,3,10046
7674,18,3,10046
7675,8,10006,10011
7676,8,10006,10011
7677,8,10006,10011
7678,2,1,10040
7679,2,1,10041
7680,2,1,10040
7681,2,1,10040
7682,2,1,10040
7683,2,1,10040
7684,2,1,10040
7685,2,1,10040
7686,2,1,10041
7687,8,10006,10011
7688,34,10006,10013
7689,2,2,10043
7690,2,1,10041
12874,1,1,10040
7691,2,1,10041
7692,2,1,10041
7693,5,10006,10011
7694,5,10006,10011
7695,5,10006,10011
7696,2,1,10040
7697,2,1,10041
7698,2,1,10040
7699,2,1,10040
7700,2,1,10041
7701,2,1,10040
7702,2,1,10040
7704,1,2,10043
7705,2,1,10040
7706,2,1,10041
7707,7,10006,10011
7708,2,1,10040
7709,2,1,10041
7710,2,1,10040
7715,2,2,10043
7716,2,1,10040
7717,2,1,10040
7718,2,1,10040
7719,2,1,10040
7720,2,1,10040
7721,2,1,10040
7722,2,1,10041
7154,4,2,10045
7155,4,10006,10011
7156,4,10006,10013
7535,11,2,10043
7543,2,1,10041
7544,39,1,10040
7545,20,1,10040
7553,20,1,10041
7559,1,2,10043
7561,4,3,10046
7562,8,10006,10011
7563,10,2,10045
7564,24,2,10043
7583,2,1,10040
7584,2,1,10040
7585,2,1,10040
7586,2,1,10040
7587,2,1,10040
7588,2,1,10040
7589,2,1,10040
7590,2,1,10040
7591,2,1,10041
7592,2,1,10041
7593,2,1,10042
7595,2,1,10042
7596,2,1,10041
7597,2,1,10042
7598,2,1,10041
7599,2,1,10041
7659,1,2,10043
7660,38,10006,10011
7724,2,1,10040
7725,2,1,10041
7723,2,1,10042
7731,2,1,10041
7732,2,1,10041
7733,2,1,10041
7734,24,1,10040
7735,2,1,10040
7736,2,1,10040
7737,2,1,10040
7738,2,1,10042
7739,2,1,10040
7740,2,1,10040
7741,2,1,10040
7742,2,1,10040
7743,19,1,10042
7744,36,10006,10013
7745,2,1,10040
7746,2,1,10040
7747,2,1,10041
12880,1,1,10040
7749,1,1,10040
7750,1,1,10040
7751,1,1,10040
7752,1,1,10040
7753,1,1,10040
7754,1,1,10040
7755,1,1,10040
7756,1,1,10040
7757,1,1,10040
7758,1,1,10040
7759,1,1,10040
7760,1,1,10040
7761,1,1,10040
7762,1,1,10040
7763,3,1,10041
7765,3,1,10041
7766,3,1,10041
7767,1,1,10040
7768,3,1,10040
7769,3,1,10041
7770,8,10006,10011
7771,2,1,10041
7773,12,3,10046
7774,4,3,10046
7775,5,10006,10011
4467,4,2,10045
4468,4,2,10045
4470,4,10006,10011
4476,1,2,10043
4477,1,10006,10011
4478,1,10006,10013
7600,2,1,10041
7601,2,1,10040
7602,2,1,10041
7604,2,1,10041
7605,2,1,10041
7606,2,1,10041
7607,2,1,10041
7608,2,1,10041
7655,37,10006,10013
7656,37,10006,10013
7776,5,10006,10011
7777,8,10006,10011
7778,1,1,10040
7779,3,1,10041
7780,3,1,10041
7781,3,1,10042
7782,3,1,10042
7783,3,1,10042
7784,3,1,10041
7785,3,1,10042
7786,1,1,10040
7787,3,1,10041
7789,1,1,10040
7790,1,2,10043
7791,2,1,10041
7792,2,1,10041
7793,1,1,10041
7794,1,1,10040
7795,1,2,10043
7796,2,1,10041
7797,1,1,10040
7798,1,1,10041
7799,1,1,10040
7805,1,1,10040
7806,1,1,10040
6653,13,2,10043
6930,14,2,10043
6931,13,2,10043
7712,4,2,10043
4916,1,2,10043
7726,2,2,10043
7727,5,10006,10011
7728,2,1,10040
7800,1,1,10040
7730,2,1,10040
7801,1,1,10040
7802,1,1,10040
12878,1,1,10040
7803,1,1,10041
7804,3,1,10041
6564,4,3,10046
7567,12,3,10046
7568,4,3,10046
7609,2,1,10041
7612,2,1,10041
7613,2,1,10041
7629,2,2,10043
7615,2,1,10041
7616,2,1,10041
7635,4,3,10046
7664,4,3,10046
7665,4,10006,10011
7666,33,10006,10013
7713,2,1,10040
7714,2,1,10040
7788,10,2,10045
6443,28,2,10043
7531,38,10006,10011
7539,30,3,10046
7550,19,1,10040
7551,17,1,10042
7557,27,1,10041
7622,1,10006,10013
7625,10,2,10045
7632,25,2,10043
7637,2,1,10041
7638,3,1,10041
7639,2,1,10040
7640,3,1,10040
7641,3,1,10040
7642,3,1,10040
7643,3,1,10040
7644,3,1,10040
7646,2,2,10043
7647,2,2,10043
7648,2,2,10043
7649,12,3,10046
7650,4,3,10046
7652,12,3,10046
7560,20,1,10040
7570,2,1,10040
7572,2,1,10040
7573,2,1,10040
7574,2,1,10040
7575,2,1,10040
7576,2,1,10040
7577,2,1,10040
7578,2,1,10040
7579,2,1,10040
7580,2,1,10040
7581,2,1,10040
7617,4,10006,10011
7618,36,10006,10013
7624,10,2,10045
7630,2,1,10040
7633,2,2,10043
7634,39,1,10041
7645,4,3,10046
7532,4,10006,10013
7533,4,10006,10011
7534,4,10006,10013
7537,19,1,10040
7167,13,2,10043
7168,13,2,10043
7169,26,2,10043
7170,41,10006,10011
7546,4,3,10046
7547,12,3,10046
7554,42,1,10040
7555,19,1,10041
7569,17,2,10043
7626,12,3,10046
7628,2,2,10043
7631,22,1,10040
7651,2,2,10043
7653,2,2,10043
7541,16,10006,10013
7542,16,10006,10011
7627,4,10006,10013
7623,8,10006,10011
12925,3,1,10041
13090,1,1,10040
913090,1,1,10040
6427,22,2,10043
912848,1,1,10040
13116,2,1,10041
12061,1,1,10040
12189,1,1,10040
12221,3,1,10042
12222,1,1,10040
12223,1,1,10041
12525,1,1,10041
12164,1,1,10040
12165,3,1,10040
12166,1,1,10040
12167,1,1,10040
12536,1,1,10040
12587,9,2,10045
12052,3,1,10040
12053,3,1,10040
12054,1,1,10040
12055,1,1,10040
12056,1,1,10040
12057,3,1,10040
12523,1,1,10040
12524,1,1,10040
12482,1,1,10040
12483,1,1,10040
12484,1,1,10040
12485,3,1,10041
12440,1,1,10040
12095,1,2,10043
12462,1,1,10040
12463,1,1,10041
12464,1,1,10041
12572,9,2,10045
12059,1,1,10040
12060,1,1,10041
12566,32,10006,10013
12564,17,3,10046
12565,32,10006,10011
12593,11,1,10041
11975,2,1,10040
12481,9,2,10045
12465,1,1,10040
11974,2,2,10043
12295,2,1,10041
11977,2,1,10041
13959,12,3,10046
12560,1,1,10040
12561,1,1,10041
11963,2,1,10040
12086,1,1,10041
12087,1,1,10040
12088,1,1,10041
12089,1,1,10041
12082,1,1,10040
12083,1,1,10041
12084,3,1,10040
12085,1,1,10041
12872,19,2,10043
12460,1,1,10040
12092,1,1,10040
12093,1,1,10041
12094,3,1,10040
12216,1,1,10040
12217,1,1,10040
12218,1,1,10040
12219,3,1,10041
12268,1,1,10040
12269,1,1,10040
12270,1,1,10041
12271,3,1,10041
12272,3,1,10042
11964,11,1,10040
11965,11,1,10040
11966,11,1,10040
11968,11,1,10042
11969,11,1,10041
12097,2,1,10040
12322,3,1,10040
12323,3,1,10041
12352,1,1,10041
12090,1,1,10041
12695,1,1,10040
12701,1,1,10040
12702,1,1,10040
12703,1,1,10041
12704,2,1,10041
12705,1,1,10040
12706,1,1,10040
12715,10,2,10045
12632,1,1,10040
12639,1,2,10043
12640,1,2,10043
12641,9,2,10045
12642,1,1,10041
12645,39,10002,10018
12651,2,1,10040
12652,2,1,10040
12653,2,1,10041
12671,1,2,10043
12672,1,2,10043
12673,3,1,10042
12674,1,2,10043
12684,39,10002,10018
12687,1,1,10040
12688,1,1,10040
12689,1,1,10040
12722,1,1,10040
12723,1,1,10041
12801,1,1,10040
912462,1,1,10040
912523,1,1,10040
12805,3,1,10041
12802,2,1,10040
12803,2,1,10040
12804,2,2,10043
12883,1,1,10040
12893,27,1,10040
12719,18,10011,10047
12720,5,10006,10011
12721,34,10006,10013
12594,11,1,10040
12595,11,1,10040
12596,11,1,10040
12599,29,2,10045
12631,1,1,10040
912816,1,1,10040
12840,1,1,10040
12858,1,1,10040
12871,36,10006,10013
12875,3,1,10040
12876,3,1,10041
12877,3,1,10040
12879,1,1,10040
12860,1,1,10041
12881,3,1,10040
13289,39,10002,10031
13290,39,10002,10033
13291,39,10002,10033
12859,7,2,10043
12862,1,1,10040
12863,1,1,10041
12864,9,2,10045
12215,1,1,10040
12882,9,2,10045
12841,3,1,10041
12842,1,1,10040
12846,1,1,10041
12848,1,1,10040
12849,1,1,10040
12850,1,1,10040
32,39,10004,10015
13967,45,10010,10028
12847,9,2,10043
12865,1,1,10040
12867,13,1,10041
12868,42,2,10043
12884,1,1,10040
12843,1,1,10040
12844,3,1,10040
12845,1,1,10040
12851,1,1,10040
12852,1,1,10041
12853,3,1,10040
12854,3,1,10041
12885,3,1,10041
12886,1,1,10040
12855,3,1,10041
12856,3,1,10040
12857,3,1,10041
12861,1,1,10040
12866,9,2,10045
12869,5,10006,10011
12870,1,1,10040
13120,39,10002,10032
13121,39,10002,10031
13122,39,10002,10033
13968,45,10010,10028
13132,39,10010,10028
13133,39,10010,10028
912829,1,1,10040
13149,1,1,10041
913149,1,1,10041
913150,1,1,10041
97765,3,1,10041
13150,1,1,10041
13151,1,1,10041
913151,1,1,10041
13167,39,10002,10034
13944,39,10002,10033
13952,51,10002,10034
13292,39,10002,10033
13953,39,10002,10033
13954,39,10002,10018
13001,39,10002,10031
13293,39,10002,10033
13294,39,10002,10033
13295,39,10002,10033
13123,84,10006,10013
13125,84,10006,10013
13288,39,10002,10031
13955,39,10002,10018
13161,39,10002,10031
13169,39,10002,10034
13194,39,10002,10031
14281,18,10011,10047
12887,2,1,10040
13195,39,10002,10031
13196,39,10002,10031
13197,39,10002,10031
12888,2,1,10041
12898,27,1,10041
12899,27,1,10041
12900,27,1,10041
940390,39,10008,10026
45,39,10008,10026
13093,39,10002,10031
13136,39,10002,10033
13137,39,10002,10033
13138,39,10002,10033
13139,39,10002,10033
13140,39,10002,10033
13152,26,2,10043
13191,39,10002,10031
13192,39,10002,10031
13193,39,10002,10031
13100,28,2,10045
13101,28,2,10045
13200,28,2,10045
13201,28,2,10045
13302,19,2,10045
912818,1,1,10040
13931,39,10002,10033
13932,39,10002,10033
12941,1,1,10040
13000,1,1,10040
13089,1,1,10040
13920,39,10002,10018
14081,7,2,10045
13300,28,2,10045
13301,28,2,10045
13400,28,2,10045
13401,28,2,10045
12942,1,1,10040
12945,1,1,10040
912819,1,1,10040
912850,1,1,10040
14085,69,3,10046
13908,39,10002,10032
13909,13,2,10043
13910,60,2,10043
13911,13,2,10043
13912,13,2,10043
13913,13,2,10043
13978,39,10002,10032
13583,84,10006,10013
13663,10,3,10046
13664,12,3,10046
13665,10,3,10046
13666,10,3,10046
13667,12,10011,10047
13668,43,10010,10028
14093,39,10010,10028
14173,14,1,10040
13644,39,10002,10033
13645,39,10002,10033
13646,39,10002,10033
13657,39,10002,10018
13882,39,10010,10028
14421,87,1,10040
14422,39,10002,10031
13656,51,10002,10034
13771,1,1,10040
13842,39,10002,10033
13843,39,10002,10036
14199,14,2,10043
14456,13,1,10040
13560,39,10002,10033
912086,1,1,10041
13759,42,2,10043
13760,39,10002,10018
14043,39,10010,10028
14667,91,10010,10028
13602,39,10002,10031
13669,12,10011,10047
13670,12,10011,10047
13671,12,10011,10047
13672,12,10011,10044
13673,18,3,10046
14174,13,1,10040
13682,8,10006,10011
13683,8,10006,10011
13684,8,10006,10011
13685,8,10006,10011
13686,8,10006,10011
13687,8,10006,10011
14423,39,10002,10033
13870,39,10002,10018
13883,39,10002,10035
13884,39,10002,10035
13885,39,10002,10035
13886,39,10002,10033
13887,39,10002,10031
14219,39,10002,10018
14362,39,10002,10035
13603,39,10002,10031
13837,39,10002,10033
13874,43,10010,10028
13875,39,10010,10028
13876,39,10002,10035
13877,39,10002,10035
14668,91,10010,10028
14669,91,10010,10028
13674,18,3,10046
13737,39,10010,10028
14751,39,10002,10036
14754,91,10010,10028
14755,91,10010,10028
14756,91,10010,10028
13599,39,10002,10018
13639,26,2,10043
13675,39,10002,10033
13688,8,10006,10011
13689,8,10006,10011
13690,8,10006,10011
14150,13,2,10043
13834,43,10010,10028
13892,90,10002,10034
13893,39,10002,10031
13894,39,10002,10031
14363,39,10002,10018
912221,3,1,10042
13772,51,10002,10034
13826,43,10010,10028
13878,39,10002,10035
13879,39,10002,10035
14424,39,10002,10032
14425,39,10002,10032
14175,13,1,10040
14176,13,1,10040
14177,13,1,10040
14757,91,10010,10028
14758,91,10010,10028
13691,8,10006,10011
13692,8,10006,10011
13693,8,10006,10011
13694,8,10006,10011
13695,8,10006,10011
13696,8,10006,10011
14151,13,2,10043
14412,26,1,10042
13606,44,1,10041
13607,44,1,10040
13608,44,1,10040
13609,44,1,10040
13706,8,10006,10011
13707,8,10006,10011
13649,5,10006,10011
13730,39,10006,10013
912561,1,1,10041
14057,13,2,10043
14426,39,10002,10033
14427,39,10002,10033
14178,13,1,10040
14179,13,1,10040
14417,39,10010,10028
14416,26,1,10040
14418,51,10002,10034
13550,39,10002,10038
13551,39,10002,10038
13552,39,10002,10038
13553,39,10002,10038
13554,39,10002,10031
13555,39,10002,10032
14413,26,1,10040
13708,8,10006,10011
13709,8,10006,10011
13710,8,10006,10011
13711,8,10006,10011
13712,8,10006,10011
13915,39,10002,10033
13918,10,2,10045
13604,39,10002,10034
14428,52,1,10040
14670,91,10010,10028
14671,91,10010,10028
14672,91,10010,10028
14180,13,1,10040
14181,13,1,10040
14182,13,1,10040
14775,39,10002,10033
14776,39,10010,10028
13556,39,10002,10032
13557,39,10002,10032
13558,39,10002,10031
13559,39,10002,10031
12670,39,1,10040
13697,8,10006,10011
14055,39,10002,10036
14324,81,1,10040
13773,39,10002,10031
14559,27,1,10040
14713,52,1,10041
14725,39,10002,10018
14726,39,10002,10036
13567,39,10002,10031
14183,13,1,10040
14184,13,1,10040
14185,13,1,10040
14788,39,10002,10034
13561,39,10002,10033
13698,8,10006,10011
13699,8,10006,10011
13700,8,10006,10011
13701,8,10006,10011
13702,8,10006,10011
14056,39,10002,10018
14079,39,10002,10036
14325,82,3,10046
14500,52,1,10041
14660,52,1,10042
13770,39,10002,10033
14739,39,10002,10036
14740,39,10002,10036
14741,39,10002,10036
14742,39,10002,10036
13703,8,10006,10011
13704,8,10006,10011
13705,8,10006,10011
13753,39,10002,10033
13754,39,10002,10032
14414,26,1,10041
15012,39,10010,10028
13734,39,10002,10038
13735,39,10002,10033
13736,39,10002,10031
13825,43,10010,10028
14091,39,10002,10033
14743,39,10002,10036
14316,59,1,10041
14317,59,1,10041
14318,59,1,10041
14319,59,1,10040
13579,39,10003,10014
13580,39,10003,10014
13581,39,10003,10014
13755,39,10002,10032
13756,39,10002,10038
13757,39,10002,10038
14090,39,10002,10033
14207,39,10002,10033
14248,39,10006,10011
14249,39,10006,10011
14250,39,10006,10011
14251,6,10006,10011
14419,28,1,10040
14661,87,1,10041
13713,39,10002,10018
13714,39,10002,10018
13715,39,10002,10018
13716,39,10002,10018
13717,39,10002,10018
13718,39,10002,10018
14710,13,1,10040
14186,13,1,10040
14320,59,1,10040
14322,59,1,10041
14521,52,1,10040
913601,1,1,10040
13641,39,10002,10032
13642,39,10002,10033
13658,3,1,10040
913658,3,1,10040
13758,39,10002,10038
14415,52,1,10040
14252,39,10006,10011
14253,39,10006,10011
14254,6,10006,10011
14255,6,10006,10011
14256,6,10006,10011
14662,91,10010,10028
13719,39,10002,10036
13742,39,10002,10018
13784,1,1,10040
13785,1,1,10040
13822,39,10002,10035
13823,39,10002,10034
14045,39,10002,10018
13845,44,1,10041
14543,1,1,10041
914543,1,1,10041
14544,1,1,10041
914544,1,1,10041
912801,1,1,10040
13786,1,1,10040
13787,1,1,10040
13788,1,1,10040
13789,1,1,10040
14200,13,1,10041
14257,6,10006,10011
14258,6,10006,10011
14663,91,10010,10028
14664,91,10010,10028
14665,91,10010,10028
13839,26,10011,10047
13895,39,10002,10038
13896,39,10002,10018
13897,39,10002,10036
13898,39,10002,10034
14046,47,10002,10034
14711,26,1,10040
14744,39,10002,10036
14792,39,10002,10034
13779,39,10002,10035
13780,39,10002,10035
13790,12,3,10046
13821,28,2,10045
14201,13,1,10041
14445,13,1,10040
14446,13,1,10040
13827,39,10002,10033
13828,39,10002,10034
13829,39,10002,10034
13830,39,10002,10034
13831,39,10002,10034
13832,39,10002,10034
14643,39,10002,10033
13647,38,10006,10011
13768,1,1,10040
913768,1,1,10040
14172,13,1,10040
14745,39,10002,10036
14746,39,10002,10033
13725,39,10002,10038
14760,39,10002,10018
14761,39,10002,10018
14831,96,10007,10048
13632,39,10002,10018
13633,39,10002,10018
13634,39,10002,10018
13635,39,10003,10014
13636,39,10002,10031
13637,39,10002,10031
14202,13,1,10042
14203,13,1,10042
14644,39,10002,10031
14645,39,10002,10031
14646,39,10002,10034
14648,39,10002,10034
14820,89,1,10041
912352,1,1,10041
13889,10,10011,10047
13914,39,10002,10032
14060,12,10011,10047
14747,39,10002,10036
14748,39,10002,10034
14749,39,10002,10034
14080,26,10011,10044
913619,3,1,10040
13764,26,2,10043
913770,1,1,10040
14204,13,1,10041
14205,13,1,10042
14218,39,10002,10035
14649,39,10002,10034
14650,39,10002,10033
13776,1,1,10040
13777,1,1,10040
13778,1,1,10040
14727,18,10011,10047
14750,39,10002,10036
14420,10,3,10046
13597,39,10002,10032
13611,7,2,10045
13613,1,1,10041
14206,13,1,10042
14447,14,1,10040
13727,39,10002,10033
14222,39,10002,10036
14651,39,10002,10033
14652,39,10002,10033
14653,39,10002,10033
14666,91,10010,10028
13627,39,10002,10032
13628,39,10002,10033
13659,10,3,10046
13660,12,3,10046
13661,18,3,10046
13662,18,10011,10047
14072,67,10011,10044
13728,3,1,10040
913728,3,1,10040
13792,26,10011,10047
14066,39,10002,10033
14548,1,1,10041
14549,13,1,10040
13747,39,10002,10033
14339,39,10002,10034
14340,18,10011,10047
14550,13,1,10040
14551,13,1,10041
13803,20,1,10040
13804,7,1,10041
13805,20,1,10040
13806,20,1,10041
13807,20,1,10041
13808,20,1,10041
13648,36,10006,10013
14189,13,1,10040
14638,39,10002,10035
14639,39,10002,10035
14640,39,10002,10033
14312,52,1,10040
14313,39,10002,10018
14314,80,1,10040
14704,7,1,10040
13835,12,3,10046
13809,53,1,10041
13810,53,1,10040
13811,7,1,10040
13812,53,1,10040
13813,54,1,10040
13814,54,2,10043
914286,1,1,10040
13765,39,10002,10033
13766,39,10002,10018
13880,39,10002,10035
14154,1,1,10040
14864,39,10002,10033
14865,39,10002,10033
14866,39,10002,10033
14721,14,1,10041
14834,39,1,10040
912836,1,1,10040
13749,39,10002,10018
13815,55,1,10040
13816,55,1,10040
13817,55,1,10040
13818,55,1,10041
13819,55,1,10041
13820,55,1,10040
13848,59,1,10040
13720,39,10002,10038
13721,39,10002,10038
14867,39,10002,10033
14868,39,10002,10033
14869,39,10002,10032
14835,52,1,10040
14552,13,2,10043
14906,2,1,10040
14949,26,1,10041
13849,59,1,10040
13850,59,1,10042
13851,59,1,10041
13852,59,1,10041
13853,59,1,10041
13854,59,1,10041
14673,13,3,10051
13844,39,10002,10032
14870,39,10002,10032
14871,39,10002,10031
14872,39,10002,10031
13549,39,10002,10038
13568,39,10002,10035
13569,39,10002,10035
13570,39,10002,10035
13571,39,10002,10035
13572,39,10002,10035
13573,39,10002,10035
13948,62,10002,10018
13855,59,1,10041
13856,59,1,10040
13857,59,1,10040
13858,59,1,10040
13859,59,1,10041
13860,59,1,10040
14315,18,10011,10047
913839,1,1,10040
14766,91,10010,10028
14767,91,10010,10028
14873,39,10002,10031
14874,39,10002,10031
14577,39,10002,10033
14578,39,10002,10033
14579,39,10002,10033
14580,39,10002,10033
13574,39,10002,10035
13620,39,10010,10028
13621,39,10002,10034
13622,39,10002,10034
13623,39,10002,10034
13624,39,10002,10034
13970,12,10011,10047
13861,59,1,10040
13862,59,1,10041
13863,59,1,10040
13864,59,1,10040
13865,59,1,10042
13866,59,1,10041
13867,59,1,10041
14674,28,1,10041
14768,60,2,10043
13782,1,1,10040
14226,1,1,10040
14875,39,10002,10031
14876,39,10002,10031
14877,39,10002,10031
14215,39,10002,10035
14581,39,10002,10033
14582,39,10002,10033
14583,39,10002,10033
14584,39,10002,10033
13576,39,10003,10014
13577,39,10003,10014
13578,39,10003,10014
13625,39,10010,10028
14067,39,10002,10033
14068,39,10002,10033
13652,39,10002,10018
13653,39,10002,10018
13868,59,1,10041
13869,59,1,10040
13890,39,10002,10033
13891,39,10002,10033
14769,60,2,10043
13598,39,10002,10033
13619,3,1,10040
735,39,10003,10014
14077,51,10002,10034
14878,39,10002,10031
13722,26,10011,10047
14585,39,10002,10033
14586,39,10002,10033
14587,39,10002,10033
14588,39,10002,10033
13588,39,10002,10033
13626,39,10002,10034
13729,39,10002,10033
13731,39,10002,10033
13732,39,10002,10033
13733,39,10002,10033
14069,39,10002,10033
912690,1,1,10041
13899,39,10002,10033
13902,18,10011,10047
14801,1,1,10040
13562,39,10010,10028
13650,39,10002,10033
14879,39,10002,10031
14880,39,10002,10031
14881,39,10002,10031
14589,39,10002,10033
14590,39,10002,10033
14591,39,10002,10033
14592,39,10002,10033
14593,39,10002,10033
13746,12,3,10046
13762,1,1,10040
913762,1,1,10040
13763,1,1,10040
913763,1,1,10040
13774,1,1,10041
14070,39,10002,10033
13903,18,10011,10047
13904,18,10011,10047
13916,39,10002,10018
13917,39,10002,10036
13900,39,10002,10033
13901,39,10002,10033
13905,39,10002,10018
13906,39,10002,10018
13907,39,10002,10018
14716,39,10002,10018
13564,39,10006,10013
13565,39,10006,10013
14430,39,10010,10028
14432,52,1,10040
14594,39,10002,10033
14595,39,10002,10033
13600,3,1,10040
913600,3,1,10040
13775,1,1,10040
13783,1,1,10040
13947,39,10002,10033
14364,39,10002,10032
14409,39,10002,10033
14946,13,1,10040
14947,13,1,10040
13791,39,10002,10033
13881,39,10002,10033
14053,39,10002,10036
14119,70,10012,10049
14791,28,1,10040
912460,1,1,10042
14596,39,10002,10033
14597,39,10002,10033
14598,39,10002,10033
14599,39,10002,10033
13761,18,3,10046
13838,39,10002,10035
13871,39,10002,10034
13872,39,10006,10011
13873,7,10006,10013
13888,39,10002,10034
14022,52,1,10040
14469,13,1,10041
14326,13,1,10040
14327,13,1,10040
912931,1,1,10040
13748,39,10002,10018
14816,39,10006,10011
14817,39,10006,10013
14882,39,10002,10033
14600,39,10002,10033
14762,52,1,10041
13629,39,10002,10033
13630,39,10002,10033
13631,39,10002,10033
13793,26,10011,10047
13794,26,10011,10047
13847,59,1,10040
13951,39,10002,10032
14220,13,1,10041
14328,39,10010,10028
14857,39,10002,10018
14858,39,10002,10033
14859,39,10002,10033
13840,39,10010,10028
13841,39,10010,10028
14717,88,1,10040
14434,14,1,10040
14435,14,1,10040
14436,14,1,10040
14437,13,1,10040
13589,26,10011,10047
13590,26,10011,10047
13591,26,10011,10047
13592,26,10011,10044
13593,26,10011,10044
13594,26,10011,10044
14230,39,10002,10031
14147,39,10002,10035
14623,39,10002,10034
14624,39,10002,10034
14625,39,10002,10035
14626,39,10002,10035
14860,39,10002,10033
13610,39,10010,10028
14063,39,10002,10033
14452,51,10002,10034
14454,51,10002,10034
14494,39,10002,10033
14438,13,1,10040
14440,13,1,10040
14442,81,1,10040
14443,14,1,10040
14444,13,1,10042
13595,26,10011,10047
13596,26,10011,10047
13601,1,1,10040
13638,26,2,10043
13643,39,10002,10032
13744,1,1,10041
14621,52,1,10040
14627,39,10002,10035
14628,39,10002,10035
14629,39,10002,10035
14861,39,10002,10033
13723,39,10002,10032
13750,26,2,10043
13769,3,1,10040
913769,3,1,10040
13961,39,10003,10014
14459,13,1,10041
14714,1,1,10040
13745,28,1,10040
13751,39,10002,10038
13795,52,1,10040
13796,52,1,10040
13797,52,1,10040
13798,52,1,10040
14048,18,10011,10047
14049,18,3,10046
14221,13,1,10041
14630,39,10002,10035
14631,39,10002,10035
14632,39,10002,10035
14633,39,10002,10035
14862,39,10002,10033
13582,10,3,10046
13615,39,10003,10014
13616,39,10003,10014
13617,39,10003,10014
13824,39,10002,10034
14040,39,10002,10034
14120,70,10012,10049
14379,39,10002,10031
912825,1,1,10040
13640,39,2,10043
13799,52,1,10041
13800,52,1,10041
13801,52,1,10041
13802,52,1,10041
14050,12,3,10046
14634,39,10002,10035
14635,39,10002,10035
14636,39,10002,10035
14637,39,10002,10035
14863,39,10002,10033
13584,39,10002,10033
13585,39,10002,10033
13586,39,10002,10038
13587,39,10002,10033
14064,39,10002,10033
14065,39,10002,10033
14380,39,10002,10031
14331,27,1,10041
14332,27,1,10040
14333,27,1,10040
14334,27,1,10040
14479,13,1,10042
14647,26,1,10040
14702,14,2,10043
14772,1,1,10040
914772,1,1,10040
14381,52,1,10040
14382,52,1,10040
14383,52,1,10040
14384,52,1,10040
14530,52,1,10040
14804,91,10010,10028
14805,91,10010,10028
14793,1,1,10041
14794,1,1,10041
914795,1,1,10041
14385,52,1,10040
14386,52,1,10040
14387,52,1,10040
14388,52,1,10041
14389,52,1,10040
14390,52,1,10040
14753,39,10002,10033
14810,39,10002,10031
14784,39,10010,10028
14785,88,1,10041
14295,1,1,10040
14391,52,1,10040
14392,52,1,10040
14396,39,10002,10032
14400,52,1,10042
14401,52,1,10041
14779,26,1,10040
14843,97,10002,10036
14402,52,1,10041
14405,39,10010,10028
14406,39,10002,10033
14407,39,10002,10033
14408,52,1,10040
14303,13,1,10041
14410,39,10002,10034
14411,39,10002,10034
14480,14,1,10041
14481,13,1,10040
14482,13,1,10041
14455,13,1,10041
14844,98,10010,10028
14933,39,10010,10028
14231,39,10002,10033
14439,81,1,10040
14470,81,1,10040
14449,14,1,10042
14478,60,1,10041
14461,13,1,10040
14728,86,1,10040
14403,39,10010,10028
14404,52,1,10042
14460,60,1,10041
14475,13,1,10041
14441,13,1,10040
14562,47,10002,10034
14901,95,1,10042
14641,89,1,10041
14499,52,1,10041
14498,39,10002,10018
14505,39,10006,10011
14506,35,10006,10013
14507,1,2,10043
14514,39,10010,10028
14563,47,10002,10034
14429,14,2,10043
14515,39,10010,10028
14516,39,10002,10034
14517,86,1,10041
14531,52,1,10042
14532,52,1,10040
14564,47,10002,10034
14763,39,10002,10052
14764,7,1,10040
14811,63,1,10040
14900,93,1,10041
14566,39,10002,10033
14567,39,10002,10018
14568,88,1,10040
14569,28,1,10040
14570,39,10002,10033
14796,1,1,10040
14957,90,10002,10034
14967,60,1,10040
14968,60,1,10041
14571,39,10002,10033
14572,39,10002,10033
14573,39,10010,10028
14574,39,10002,10034
14731,39,10002,10031
14809,39,10002,10031
14969,47,10002,10034
122158,39,10010,10028
14732,39,10002,10031
14812,95,1,10040
14964,52,1,10040
15008,39,10002,10018
14305,78,10007,10048
14306,78,10007,10048
14307,39,10010,10028
14657,39,10002,10036
14823,39,10002,10031
14824,93,1,10041
14909,39,10002,10035
14910,39,10002,10034
14659,7,1,10040
14806,91,10010,10028
14819,88,1,10040
14965,39,10002,10034
14966,60,1,10041
14528,52,1,10040
14919,1,2,10043
14945,39,10002,10031
14706,88,1,10041
14654,90,10002,10034
87793,null,1,10041
897765,null,1,10041
14707,92,10002,10034
14936,39,10002,10033
14708,92,10002,10034
14797,39,10002,10018
912703,1,1,10041
14963,51,10002,10034
14709,39,10002,10052
14937,39,10002,10033
14982,39,10002,10031
15016,39,10002,10032
15017,47,10002,10034
14555,52,1,10040
14729,39,10010,10028
14938,39,10002,10033
14939,39,10002,10033
14529,28,1,10040
79,43,10010,10028
14539,20,1,10040
14803,1,1,10040
14818,39,10002,10018
14825,88,1,10040
14961,39,10002,10034
14940,39,10002,10033
14941,39,10002,10033
14540,86,1,10040
14541,20,1,10041
14542,1,1,10040
914542,1,1,10040
14546,39,10002,10031
14826,39,10010,10028
14962,13,3,10046
14730,86,1,10040
14942,39,10002,10033
14943,39,10002,10031
14547,39,10002,10031
14553,28,1,10040
14554,39,10010,10028
15009,34,10006,10013
14712,51,10002,10034
14944,39,10002,10031
14958,39,10002,10018
14959,39,10002,10018
14622,52,1,10041
14795,95,1,10040
14802,1,1,10040
14701,52,1,10040
914920,1,1,10040
14955,95,1,10041
15020,3,1,10041
14773,1,2,10043
14777,39,10002,10034
14771,52,1,10040
14778,86,1,10040
14907,39,10002,10018
14705,85,1,10040
14972,95,1,10041
14655,52,1,10040
14656,39,10002,10033
14915,2,1,10041
15015,52,1,10040
14304,39,10002,10033
14916,1,2,10043
14917,1,2,10043
14918,1,2,10043
13119,44,1,10040
13007,2,1,10040
13118,39,10002,10031
913963,1,1,10040
13134,39,10002,10031
913964,1,1,10040
13008,2,1,10040
13979,6,10006,10011
13980,6,10006,10011
13981,39,10002,10033
13949,39,10002,10018
13964,1,1,10040
13982,39,10002,10033
12931,1,1,10040
912822,1,1,10040
912878,1,1,10040
14007,66,10002,10032
7582,2,1,10040
7619,4,3,10046
13928,39,10002,10038
13929,39,10002,10038
7621,1,10006,10011
12099,2,1,10040
7620,1,2,10043
912865,1,1,10040
1958,4,10006,10011
1959,40,10006,10011
1960,36,10006,10013
591,1,10006,10013
593,1,2,10043
596,1,2,10043
598,1,10006,10013
599,1,10006,10011
600,1,10006,10011
712,1,10006,10013
713,1,10006,10011
1400,4,2,10045
1401,4,2,10045
1402,4,2,10045
1403,4,2,10045
1404,4,10006,10013
1405,4,10006,10013
12873,1,1,10040
1406,4,10006,10013
1407,4,10006,10013
1408,4,10006,10011
1409,4,10006,10011
1410,4,10006,10011
1411,4,10006,10011
7566,21,1,10041
1976,4,10006,10011
129032,1,1,10040
13006,2,1,10040
13091,36,10006,10013
13092,5,10006,10011
1984,4,10006,10013
12921,10,2,10045
12922,3,1,10040
12923,9,2,10045
12924,3,1,10042
12098,2,1,10040
12690,1,1,10041
12691,3,1,10040
12692,3,1,10040
12693,1,1,10040
12694,1,1,10040
2010,6,10006,10011
3568,36,10006,10013
2770,1,2,10043
2771,1,10006,10011
2772,1,10006,10013
3169,1,2,10043
1869,4,2,10045
3636,10,2,10045
2181,36,10006,10013
3473,4,2,10045
3474,4,10006,10011
3100,6,10006,10011
3992,1,2,10043
2808,1,2,10043
12920,9,2,10045
12824,1,1,10040
12835,1,1,10040
912835,1,1,10040
912524,1,1,10040
12836,1,1,10040
97801,1,1,10040
912810,1,1,10040
12829,1,1,10040
12830,1,1,10040
12831,1,1,10040
12832,1,1,10041
12894,27,1,10041
12897,27,1,10041
12811,1,1,10040
12822,1,1,10040
12825,1,1,10040
12833,3,1,10040
12834,2,2,10043
12895,27,1,10040
12896,27,1,10041
12806,7,2,10045
12813,3,1,10041
12837,1,1,10040
12838,3,1,10041
12839,1,1,10041
12889,27,1,10040
12808,35,10006,10013
12809,8,10006,10011
12826,1,1,10040
912826,1,1,10040
12827,1,1,10040
12890,27,1,10040
10891,27,1,10040
12892,27,1,10040
12812,3,1,10040
12814,3,1,10041
12815,1,1,10040
12816,1,1,10040
912482,1,1,10040
12828,1,1,10040
13094,1,1,10040
12807,18,10011,10047
12810,1,1,10040
12817,1,1,10040
12818,1,1,10040
12819,1,1,10040
12820,3,1,10041
12821,1,1,10040
912693,1,1,10040
12823,1,1,10040
14601,13,1,10040
14370,93,1,10040
14371,26,1,10040
14372,26,1,10040
14373,26,1,10040
14374,39,10002,10032
14524,39,10002,10033
14308,14,2,10043
14892,39,10002,10018
14375,39,10002,10031
14376,39,10010,10028
14377,39,10010,10028
14378,39,10002,10033
14458,13,1,10040
14448,13,1,10040
14525,39,10002,10033
14526,39,10002,10033
14893,39,10002,10018
14828,39,10002,10032
14830,42,2,10045
14311,80,1,10040
14344,13,2,10043
14338,26,2,10043
14450,13,1,10040
14451,13,1,10041
14453,14,1,10041
14527,52,1,10042
14808,93,1,10040
14829,86,1,10041
14914,92,10002,10034
14894,39,10002,10033
14895,39,10002,10033
14807,39,10010,10028
14896,39,10002,10032
14897,39,10002,10032
14323,59,1,10040
14561,47,10002,10034
14950,1,1,10041
914950,1,1,10041
14951,1,1,10040
914951,1,1,10040
14952,1,1,10041
914952,1,1,10041
14953,1,1,10040
14462,13,1,10040
14463,13,1,10041
14464,13,1,10041
14465,13,1,10040
14466,13,1,10040
14522,18,3,10046
14780,27,1,10040
14983,39,10002,10035
914953,1,1,10040
14954,1,1,10040
914954,1,1,10040
14467,81,1,10040
14468,13,1,10040
14518,52,2,10043
14519,39,1,10041
14520,39,10002,10033
14970,91,10010,10028
14335,27,1,10040
14336,27,1,10040
14337,27,1,10040
15007,39,10002,10018
14960,26,1,10041
14283,74,2,10045
14284,74,2,10045
14285,74,2,10045
14883,39,10002,10031
14884,39,10002,10031
14973,39,10002,10033
14977,20,1,10041
14885,39,10002,10033
14886,39,10002,10033
14971,39,10002,10035
14976,52,2,10043
14887,39,10002,10034
14888,39,10002,10032
14232,39,10002,10033
14233,39,10002,10033
14234,39,10002,10033
14235,39,10002,10033
14236,39,10002,10033
14759,39,10002,10031
14237,39,10002,10033
14238,39,10002,10033
14239,39,10010,10028
14240,39,10010,10028
14789,39,10010,10028
14365,26,1,10040
14366,26,1,10040
14367,26,1,10040
14368,26,1,10040
14369,26,1,10040
14523,39,10010,10028
14889,39,10002,10033
14890,39,10002,10033
14891,39,10002,10018
12919,27,1,10040
12933,2,1,10040
97757,1,1,10040
13160,39,10002,10033
1300,7,2,10045
912849,1,1,10040
12901,27,1,10041
12902,27,1,10041
12903,27,1,10041
12904,27,1,10041
12905,27,2,10043
12906,27,2,10045
12907,27,2,10045
12908,27,2,10045
12909,27,2,10045
12930,2,1,10042
12937,7,2,10045
12938,1,1,10040
912823,1,1,10040
912811,1,1,10040
12935,1,1,10041
912827,1,1,10040
912631,1,1,10040
912189,1,1,10040
12940,39,10008,10026
14280,18,10011,10047
12934,2,1,10040
1301,7,2,10045
1302,7,2,10045
1303,7,2,10045
12936,1,1,10040
97781,3,1,10042
12910,27,1,10040
12911,27,1,10040
12912,27,1,10040
12913,27,1,10040
12914,27,1,10040
12915,27,1,10040
12916,27,1,10040
12917,27,1,10041
12918,27,1,10040
913089,1,1,10040
14244,14,2,10043
14245,14,2,10043
14247,13,3,10046
14268,72,10010,10028
75,43,10010,10028
13921,39,10002,10034
912815,1,1,10040
912817,1,1,10040
13927,39,10002,10018
12955,39,10003,10014
12988,39,10010,10028
12989,39,10002,10032
12995,39,10002,10033
12997,39,10002,10033
13004,39,10002,10031
13933,39,10002,10038
912088,1,1,10041
13049,39,10002,10032
13329,39,10002,10033
13330,39,10002,10033
13331,39,10002,10033
13332,39,10002,10033
12957,39,10002,10018
12958,39,10003,10014
13491,39,10010,10028
914289,3,1,10041
12972,39,10002,10033
12973,39,10002,10033
12974,39,10002,10033
12975,39,10002,10033
12976,39,10002,10033
12977,39,10002,10033
12978,39,10002,10033
13117,44,1,10041
13396,39,10002,10033
13048,39,10002,10032
13333,39,10002,10033
13334,39,10002,10033
13340,39,10002,10033
13341,39,10002,10038
13342,39,10002,10031
13973,39,10002,10033
13470,39,10002,10032
13471,39,10002,10031
13472,39,10002,10031
13473,39,10002,10031
13934,39,10002,10038
13935,39,10002,10038
13936,39,10002,10038
12948,39,10002,10033
12949,39,10002,10032
12950,39,10002,10031
12951,39,10002,10031
12952,39,10002,10032
13726,90,10002,10034
12979,39,10002,10033
12980,39,10002,10033
12981,39,10002,10033
12982,39,10002,10036
12984,39,10002,10036
12985,39,10002,10032
13397,39,10002,10033
13398,39,10002,10033
13343,39,10002,10038
13344,39,10002,10031
13345,39,10002,10031
13346,39,10002,10031
13347,39,10002,10034
13348,39,10002,10034
13975,19,1,10041
13296,39,10002,10031
13474,39,10002,10033
13475,39,10002,10032
13476,39,10002,10033
13477,39,10002,10031
13479,39,10010,10028
13937,39,10002,10033
13126,39,10002,10031
13492,39,10010,10028
13493,39,10010,10028
13494,39,10010,10028
12986,39,10002,10033
12987,39,10002,10033
13399,39,10002,10038
13402,39,10002,10038
13404,39,10002,10038
13250,39,10002,10035
13251,39,10002,10035
13252,39,10002,10035
13253,39,10002,10035
13254,39,10002,10035
13255,39,10002,10035
13974,63,1,10041
12998,39,10002,10031
13359,39,10002,10031
13360,39,10002,10031
14158,39,10002,10032
14159,39,10002,10033
13405,39,10002,10038
13406,39,10002,10038
13407,39,10002,10038
13408,39,10002,10038
13409,39,10002,10038
13256,39,10002,10035
13257,39,10002,10032
13258,39,10002,10032
13259,39,10002,10032
13976,39,10002,10033
13361,39,10002,10031
13362,39,10002,10031
14160,39,10002,10033
14161,39,10002,10033
13410,39,10002,10038
13411,39,10002,10038
13412,39,10002,10033
13413,39,10002,10033
13414,39,10002,10033
13415,39,10002,10033
14074,39,10010,10028
13260,39,10002,10032
13261,39,10002,10032
13262,39,10002,10032
13263,39,10002,10032
13264,39,10002,10032
13265,39,10002,10032
13941,39,10002,10038
13047,39,10002,10036
13363,47,10002,10034
13364,90,10002,10034
13365,47,10002,10034
14545,13,2,10043
13416,39,10002,10033
13417,39,10002,10033
13418,39,10002,10035
13419,39,10002,10035
13420,39,10002,10031
14075,12,10011,10047
13024,44,1,10041
13025,44,1,10040
13026,44,1,10040
13027,44,1,10040
13028,44,1,10040
13029,44,1,10040
13266,39,10002,10032
13267,39,10002,10032
10059,39,10005,10016
13366,39,10002,10033
14603,39,10002,10038
14604,39,10002,10038
13421,39,10002,10031
13422,39,10002,10031
13423,39,10002,10033
13424,39,10002,10034
13425,39,10002,10034
13426,39,10002,10034
14076,18,3,10046
13030,44,1,10040
13031,44,1,10040
13033,44,1,10040
13034,44,1,10040
13035,44,1,10041
97798,1,1,10041
912215,1,1,10040
13480,39,10010,10028
13481,39,10010,10028
13482,39,10010,10028
13566,39,10002,10033
13938,39,10002,10034
13939,39,10002,10034
13367,39,10002,10031
13368,39,10002,10031
14605,65,10002,10032
13427,39,10002,10033
13428,39,10002,10033
13429,39,10002,10033
13430,39,10002,10033
13431,39,10002,10032
14216,1,2,10043
912216,1,1,10040
13268,65,10002,10032
13269,39,10002,10032
13270,39,10002,10032
13271,39,10002,10032
13003,39,10002,10031
13950,43,10010,10028
13966,47,10002,10034
13969,39,10003,10014
13977,39,10002,10033
14008,66,10002,10032
14286,1,1,10040
13369,39,10002,10031
13370,39,10002,10031
13371,39,10002,10031
13372,39,10002,10034
14602,39,10002,10038
13432,39,10002,10032
13433,39,10002,10032
13434,39,10002,10032
13435,39,10002,10031
13436,39,10002,10032
13437,39,10002,10031
14225,59,1,10040
13272,39,10002,10032
13273,39,10002,10032
13274,39,10002,10032
13275,39,10002,10032
13276,39,10002,10032
13277,39,10002,10032
13942,39,10010,10028
13943,39,10010,10028
14027,39,10002,10033
14047,13,2,10043
14058,7,10007,10048
14287,75,2,10043
14288,75,2,10043
12953,9,2,10043
13147,39,10002,10033
13148,39,10002,10033
13153,26,2,10043
13373,39,10002,10034
13374,39,10002,10034
13438,39,10002,10031
13439,39,10002,10031
13440,39,10002,10031
13441,39,10002,10034
13442,39,10002,10033
13443,39,10002,10033
13278,65,10002,10032
13279,39,10002,10032
13280,39,10002,10032
13281,39,10002,10032
13282,39,10002,10032
13283,39,10002,10031
14078,39,10002,10033
14294,1,2,10043
14310,79,10006,10013
13375,39,10002,10034
13376,39,10002,10031
13377,39,10002,10031
13378,39,10002,10033
13379,39,10002,10033
13444,39,10002,10031
13445,39,10002,10033
13446,39,10002,10031
13447,39,10002,10031
13448,39,10002,10031
12971,3,1,10041
13284,39,10002,10031
13285,39,10002,10033
13286,39,10002,10033
13287,39,10002,10033
13349,39,10002,10034
13055,77,10006,10011
13781,1,1,10040
14217,13,1,10041
97804,3,1,10041
13198,39,10002,10031
13199,39,10002,10031
13380,39,10002,10033
13381,39,10002,10033
13382,39,10002,10033
13449,39,10002,10033
13450,39,10002,10033
13451,39,10002,10031
13452,39,10002,10031
13453,39,10002,10032
13454,39,10002,10032
13350,39,10002,10034
13351,39,10002,10034
13352,39,10002,10034
13353,39,10002,10034
13354,39,10002,10034
13355,39,10002,10034
13960,18,3,10046
14560,28,1,10040
15011,39,10002,10018
13383,39,10002,10033
13384,39,10002,10033
13385,39,10002,10033
13386,39,10002,10033
13387,39,10002,10038
13388,39,10002,10038
13073,39,10002,10038
13074,39,10002,10038
13075,39,10002,10038
13076,39,10002,10033
13077,39,10002,10033
13078,39,10002,10038
13455,39,10002,10038
13456,39,10002,10033
13356,39,10002,10034
13357,39,10002,10031
13358,39,10002,10035
13459,39,10002,10033
13460,39,10002,10031
13389,39,10002,10033
13390,39,10002,10033
13391,39,10002,10033
13392,39,10002,10033
13393,39,10002,10033
13394,39,10002,10033
13079,39,10002,10033
13080,39,10002,10038
13081,39,10002,10033
13082,39,10002,10033
13083,39,10002,10033
13084,39,10002,10033
913130,26,2,10043
13461,39,10002,10031
13462,39,10002,10031
13463,39,10002,10031
13464,39,10002,10031
13465,39,10002,10031
13466,39,10002,10034
13499,39,10010,10028
13483,39,10010,10028
13484,39,10002,10033
14212,14,3,10046
12959,43,10010,10028
12960,43,10010,10028
12961,43,10010,10028
12963,43,10010,10028
12962,43,10010,10028
12964,43,10010,10028
13170,39,10002,10031
13395,39,10002,10033
13085,39,10002,10033
13086,39,10002,10033
13087,39,10002,10033
913131,26,2,10043
13130,26,2,10043
13131,26,2,10043
13457,39,10002,10033
13458,39,10002,10033
912723,1,1,10041
97803,1,1,10041
97783,3,1,10042
13467,39,10002,10032
13468,39,10002,10032
13469,39,10002,10032
13485,39,10010,10028
13486,39,10010,10028
13487,39,10010,10028
13488,39,10010,10028
13489,39,10010,10028
13490,39,10010,10028
13680,26,2,10043
13724,39,10002,10038
14330,39,10002,10033
14694,91,10010,10028
14695,91,10010,10028
13310,39,10002,10033
13311,39,10002,10033
13312,39,10002,10033
13313,39,10002,10033
14274,39,10002,10018
14275,39,10002,10018
14276,39,10002,10033
13043,44,1,10040
13833,39,10002,10034
14616,39,10002,10033
14617,39,10002,10033
14618,39,10002,10033
14190,13,1,10041
14191,13,1,10041
14192,14,1,10041
14473,13,1,10040
97780,3,1,10041
13102,45,2,10043
13103,26,2,10043
13104,26,2,10043
14733,42,1,10041
14734,39,10002,10035
13314,39,10002,10033
13297,39,10002,10031
13298,39,10002,10031
12999,39,10002,10034
13299,39,10002,10034
13335,39,10002,10034
13679,39,10002,10018
14431,39,10010,10028
14619,39,10002,10033
14620,65,10002,10032
14658,47,10002,10034
13010,44,1,10040
13011,44,1,10040
13012,44,1,10040
13013,44,1,10040
13014,44,1,10041
13015,44,1,10041
13105,26,2,10043
13107,26,2,10043
13106,45,2,10043
13108,45,2,10043
13109,26,2,10043
13110,26,2,10043
14735,39,10002,10035
14036,59,1,10040
14037,59,1,10041
14038,59,1,10041
14039,59,1,10041
14277,39,10002,10035
13654,39,10002,10018
14696,91,10010,10028
14697,91,10010,10028
14698,91,10010,10028
13016,44,1,10040
13017,44,1,10040
13018,44,1,10040
13019,44,1,10041
13020,44,1,10041
13021,44,1,10041
13022,44,1,10041
914092,3,1,10040
13111,26,2,10043
13112,26,2,10043
13113,45,2,10043
13114,45,2,10043
13115,26,2,10043
13168,39,10002,10031
14736,39,10002,10035
12943,39,10002,10031
12944,39,10002,10033
12946,39,10002,10033
12947,39,10002,10031
14278,39,10002,10032
14279,39,10002,10018
13127,39,10002,10031
13128,39,10002,10031
13129,39,10002,10031
14699,91,10010,10028
14700,91,10010,10028
14715,52,1,10041
13023,44,1,10040
13057,77,10006,10011
14092,3,1,10040
14187,13,1,10040
14195,13,1,10040
14196,13,1,10040
14194,14,1,10040
13171,39,10002,10033
13172,39,10002,10033
13173,29,10010,10028
13174,46,10002,10031
13175,39,10002,10031
13176,39,10002,10031
13177,39,10002,10031
14341,39,10002,10018
14342,39,10002,10018
14343,83,10011,10047
14608,65,10002,10032
13159,39,10002,10033
13315,39,10002,10038
13316,39,10002,10038
13317,39,10002,10038
13318,39,10002,10033
13319,39,10002,10033
14722,18,3,10046
13919,2,1,10041
14155,39,10002,10033
14156,71,10002,10034
14197,13,1,10040
14198,13,1,10042
14474,13,1,10040
13178,39,10002,10031
13179,39,10002,10031
13180,47,10002,10034
13181,47,10002,10034
13182,48,10002,10034
13183,48,10002,10034
14737,39,10002,10033
14122,70,10012,10049
14123,70,10012,10049
14609,65,10002,10032
14610,65,10002,10032
13320,39,10002,10033
13321,39,10002,10033
13322,39,10002,10033
13323,39,10002,10033
13324,39,10002,10033
13325,39,10002,10033
13326,39,10002,10033
14213,39,10002,10018
14723,88,1,10040
12954,39,10002,10031
13053,7,2,10045
14165,1,1,10041
14166,1,1,10041
14167,1,1,10041
13184,39,10002,10031
13185,39,10002,10031
13186,39,10002,10031
13187,39,10002,10031
13188,39,10002,10036
13189,39,10002,10031
13190,39,10002,10031
14606,65,10002,10032
14124,70,10012,10049
14125,70,10012,10049
14126,70,10012,10049
14127,70,10012,10049
14128,70,10012,10049
13327,39,10002,10033
13328,39,10002,10033
13336,39,10002,10034
13530,39,10010,10028
13531,39,10010,10028
13532,51,10002,10034
13533,51,10002,10034
14724,52,1,10041
12968,1,1,10041
12969,1,1,10040
14054,8,10006,10011
14168,1,1,10041
14169,1,1,10040
14170,1,1,10040
13202,39,10002,10031
13203,39,10002,10031
13204,39,10002,10031
13205,39,10002,10033
13206,39,10002,10033
13207,39,10002,10033
14607,65,10002,10032
12993,39,10002,10035
13054,77,10006,10011
13058,39,10002,10033
13059,39,10002,10033
13060,39,10002,10033
13061,39,10002,10033
13062,39,10002,10033
13544,39,10002,10038
13545,39,10002,10038
13546,39,10002,10038
13547,39,10002,10038
13548,39,10002,10038
13846,59,1,10040
14171,1,1,10040
14224,47,10002,10034
14476,13,1,10040
14678,91,10010,10028
14679,91,10010,10028
97785,3,1,10042
13208,39,10002,10034
13209,39,10002,10034
13210,39,10002,10034
13211,39,10002,10034
13212,39,10002,10034
13213,39,10002,10033
14269,73,10010,10028
13056,77,10006,10011
13063,39,10002,10033
13065,17,3,10046
13064,39,10002,10033
13066,39,10002,10033
13337,39,10002,10034
13338,39,10002,10034
13339,39,10002,10034
13478,1,1,10040
913478,1,1,10040
13495,39,10010,10028
912090,1,1,10041
14575,14,3,10050
13214,39,10002,10033
13215,39,10002,10031
13216,39,10002,10033
13217,39,10002,10033
13218,39,10002,10033
13219,39,10002,10033
13220,39,10002,10033
14073,39,3,10046
13068,39,10002,10033
13069,39,10002,10033
13070,39,10002,10038
13071,39,10002,10038
14214,35,10006,10013
14397,39,10002,10031
13514,39,10010,10028
13534,51,10002,10034
13535,51,10002,10034
13536,39,10002,10031
13537,39,10002,10031
13538,39,10002,10031
14675,91,10010,10028
14087,12,3,10046
13221,39,10002,10033
13222,39,10002,10033
13223,39,10002,10033
13224,39,10002,10033
13225,39,10002,10033
13226,39,10002,10031
912846,1,1,10041
12990,39,10002,10032
12991,39,10002,10032
12992,39,10002,10032
13002,2,1,10040
13044,39,10002,10031
13045,39,10002,10031
14097,18,10011,10047
97762,1,1,10040
13515,39,10010,10028
13516,39,10010,10028
13517,39,10010,10028
13518,39,10010,10028
941505,1,1,10040
14676,91,10010,10028
13005,12,3,10046
13046,39,10002,10031
14088,12,10011,10047
14089,12,10011,10047
14680,91,10010,10028
13227,39,10002,10031
13228,39,10002,10032
13229,39,10002,10033
13230,39,10002,10033
13231,39,10002,10033
13232,39,10002,10033
13234,39,10002,10033
14083,35,10006,10013
13676,26,1,10040
13677,39,10002,10018
14398,39,10002,10031
14399,39,10002,10031
14492,7,1,10040
14493,7,1,10040
14832,96,10007,10048
13496,39,10010,10028
13498,39,10010,10028
13501,26,2,10043
13502,39,10010,10028
13503,39,10010,10028
13504,39,10010,10028
14677,91,10010,10028
13655,45,2,10043
14681,91,10010,10028
14682,91,10010,10028
14683,91,10010,10028
13233,39,10002,10033
13235,39,10002,10033
13236,39,10002,10033
13237,39,10002,10033
13238,39,10002,10033
13239,39,10002,10033
13240,39,10002,10033
14270,39,10010,10028
13051,7,2,10045
13052,7,2,10045
14565,59,1,10041
13506,39,10002,10033
13507,39,10002,10033
13509,39,10002,10035
13510,39,10002,10032
13539,39,10002,10033
14471,14,1,10040
912840,1,1,10040
13962,39,10002,10031
13965,1,1,10040
913965,1,1,10040
14684,91,10010,10028
13241,39,10002,10033
13242,39,10002,10033
13243,39,10002,10033
13244,39,10002,10038
13245,39,10002,10038
13246,39,10002,10038
14271,43,10010,10028
13678,39,10002,10018
14611,65,10002,10032
14612,65,10002,10032
14613,65,10002,10032
13500,9,2,10045
13519,39,10010,10028
13520,39,10010,10028
13521,39,10010,10028
13522,39,10010,10028
13523,39,10010,10028
14472,14,1,10040
13743,39,10003,10014
14685,91,10010,10028
14686,91,10010,10028
14687,91,10010,10028
14688,91,10010,10028
13247,39,10002,10038
13248,39,10002,10038
13249,39,10002,10038
13303,39,10002,10038
13304,39,10002,10038
13305,39,10002,10038
14272,39,10010,10028
13752,39,10002,10033
14329,74,2,10045
14614,65,10002,10032
14615,39,10002,10033
13505,39,10002,10018
13524,39,10010,10028
13525,39,10010,10028
13526,39,10010,10028
13527,39,10010,10028
13528,39,10010,10028
13529,39,10010,10028
14157,13,2,10043
14094,39,10002,10018
14095,39,10002,10018
14689,91,10010,10028
14690,91,10010,10028
13088,1,1,10040
913088,1,1,10040
13306,39,10002,10038
13307,39,10002,10038
13308,39,10002,10038
13309,39,10002,10038
14273,39,10008,10026
13037,44,1,10040
13038,2,1,10041
13039,2,1,10041
13040,2,1,10041
13041,2,1,10041
13042,2,1,10040
13511,39,10002,10032
13512,39,10002,10031
13513,39,10002,10031
13540,39,10002,10033
13541,39,10002,10033
13542,39,10002,10038
13543,39,10002,10038
14223,39,10002,10018
13009,2,1,10040
13605,28,2,10045
912525,1,1,10041
14691,91,10010,10028
14692,91,10010,10028
14693,91,10010,10028
14259,39,10006,10013
14260,39,10006,10013
14261,34,10006,10013
14262,39,10002,10033
14263,39,10002,10033
13985,65,10002,10032
13986,65,10002,10032
13988,65,10002,10032
13989,65,10002,10032
13990,65,10002,10032
13991,65,10002,10032
13992,65,10002,10032
14509,39,10010,10028
14264,39,10002,10033
14833,96,10006,10011
14902,28,1,10041
14903,39,10002,10036
14904,93,1,10041
14265,39,10002,10018
14266,39,10010,10028
14267,51,10002,10034
14911,39,10002,10031
14912,39,10002,10031
13993,65,10002,10032
13994,65,10002,10032
13995,65,10002,10032
13996,65,10002,10032
13997,65,10002,10032
14510,39,10010,10028
14511,39,10010,10028
14786,86,1,10041
14920,1,1,10040
14921,1,1,10040
914921,1,1,10040
14922,1,1,10040
14913,39,10002,10033
13998,65,10002,10032
13999,65,10002,10032
14000,65,10002,10032
14001,66,10002,10032
14002,66,10002,10032
14003,66,10002,10032
14004,66,10002,10032
14512,39,10010,10028
13958,13,2,10043
14023,35,10006,10013
14024,39,10006,10011
14025,6,10006,10011
14026,32,10006,10013
914922,1,1,10040
14576,52,1,10042
14718,39,10002,10033
14719,39,10002,10033
13987,65,10002,10032
14005,66,10002,10032
14021,1,1,10040
914021,1,1,10040
14028,59,1,10040
14029,59,1,10041
14513,39,10010,10028
14302,39,10002,10033
14923,1,1,10041
914923,1,1,10041
14924,1,1,10041
914924,1,1,10041
14497,13,1,10040
13983,65,10002,10032
14956,88,1,10041
14030,59,1,10040
14031,59,1,10040
14032,59,1,10041
14033,59,1,10041
14034,59,1,10041
97782,3,1,10042
14925,1,1,10041
914925,1,1,10041
14926,1,1,10041
914926,1,1,10041
14557,14,3,10050
14071,39,10002,10033
14121,70,10012,10049
13922,61,10006,10013
13923,39,10006,10011
14309,69,3,10046
14790,94,1,10040
14827,39,10002,10018
14927,1,1,10041
914927,1,1,10041
14752,87,1,10041
14558,7,1,10041
14720,39,10002,10033
14821,7,1,10040
14822,39,10002,10033
14163,14,2,10043
14164,14,2,10043
14188,14,1,10041
14930,42,1,10041
14948,39,10002,10033
13956,39,10002,10018
14162,14,2,10043
14149,4,2,10043
14703,59,1,10041
14538,39,10002,10038
14298,13,2,10043
14299,14,2,10043
14300,13,1,10041
14301,13,2,10043
14061,47,10002,10034
14062,39,10002,10018
14106,70,10012,10049
14107,70,10012,10049
14798,39,10002,10033
14799,52,1,10040
14006,20,3,10046
14108,70,10012,10049
14109,70,10012,10049
14110,70,10012,10049
14111,70,10012,10049
14112,70,10012,10049
14361,52,1,10040
14084,12,10011,10047
14738,7,10007,10048
14783,86,1,10040
14113,70,10012,10049
14114,70,10012,10049
14115,70,10012,10049
14116,70,10012,10049
14117,70,10012,10049
14118,70,10012,10049
14899,39,10002,10018
14934,39,10010,10028
14642,89,1,10041
914154,1,1,10040
14042,39,10002,10033
14148,71,10002,10034
14800,89,1,10041
14765,20,1,10041
14282,39,10002,10018
14533,52,1,10040
14534,26,1,10041
14535,26,1,10041
14986,39,10002,10033
13930,39,10010,10028
13945,39,10010,10028
13946,39,10002,10038
13957,60,2,10043
13984,65,10002,10032
14508,39,10010,10028
14051,39,10002,10033
14052,39,10002,10018
14227,59,1,10040
14228,59,1,10040
14229,59,1,10040
14104,70,10012,10049
14105,70,10012,10049
14130,70,10012,10049
14131,70,10012,10049
14132,70,10012,10049
14133,70,10012,10049
14998,39,10002,10035
15021,52,1,10041
14433,52,10007,10048
14501,39,10002,10033
14502,39,10002,10034
14503,39,10002,10033
14782,26,1,10040
15013,60,2,10043
14134,70,10012,10049
14135,70,10012,10049
14136,70,10012,10049
14137,70,10012,10049
14138,70,10012,10049
14139,70,10012,10049
14140,70,10012,10049
14999,39,10002,10035
14770,88,1,10040
14504,39,10002,10033
14850,39,10002,10031
14984,7,1,10041
14141,70,10012,10049
14142,70,10012,10049
14143,70,10012,10049
14144,70,10012,10049
14145,70,10012,10049
14146,70,10012,10049
14974,88,1,10041
14059,18,3,10046
14208,13,1,10040
14209,14,1,10041
14905,52,1,10040
14898,18,10011,10047
14836,7,3,10046
15000,39,10002,10035
15001,39,10002,10035
14041,18,3,10046
14774,26,1,10040
14928,39,10002,10035
14987,52,10007,10048
13971,14,2,10043
13972,13,2,10043
14908,39,10010,10028
15002,39,10002,10035
15003,39,10002,10035
15004,39,10002,10035
15005,39,10002,10035
14495,13,1,10040
14496,13,1,10040
14851,39,10002,10031
14852,39,10002,10031
14853,39,10002,10031
14988,52,10007,10048
14989,52,1,10040
14845,39,10002,10038
15006,39,10002,10035
14849,39,10002,10031
14854,39,10002,10031
14855,39,10002,10031
14210,80,1,10040
14211,14,1,10040
14345,39,10010,10028
14346,39,10010,10028
14347,39,10010,10028
14348,39,10010,10028
14349,39,10010,10028
14241,39,10010,10028
14242,39,10003,10014
14243,14,2,10043
14856,39,10002,10032
14931,39,10002,10018
14350,39,10010,10028
14351,39,10010,10028
14352,39,10010,10028
14353,39,10010,10028
14354,39,10010,10028
14536,47,10002,10034
912223,1,1,10041
14932,1,2,10043
14355,39,10010,10028
14356,39,10010,10028
14357,39,10010,10028
14358,39,10010,10028
14359,39,10010,10028
14537,47,10002,10034
14096,39,10002,10034
14290,59,1,10040
14291,59,1,10040
14292,59,1,10041
14360,39,10010,10028
14846,39,10002,10038
14847,39,10002,10034
914338,1,1,10040
140906,39,10002,10018
14985,47,10002,10034
14289,1,2,10043
14935,95,1,10041
15010,91,10010,10028
14086,39,10002,10031
14978,39,10002,10031
14979,39,10002,10031
14980,39,10002,10033
14981,39,10002,10033
14990,39,10002,10035
14991,39,10002,10035
14992,39,10002,10035
14848,39,10002,10031
14009,66,10002,10032
14010,66,10002,10032
14011,66,10002,10032
14012,66,10002,10032
14013,66,10002,10032
14014,66,10002,10032
14781,93,1,10040
15018,39,10002,10018
15019,39,10002,10018
14082,68,10002,10031
14993,39,10002,10035
14994,39,10002,10035
14995,39,10002,10035
14393,26,1,10041
14394,85,1,10040
14395,39,10002,10033
14556,18,10011,10047
14975,88,1,10040
14015,66,10002,10032
14016,66,10002,10032
14017,66,10002,10032
14018,66,10002,10032
14019,66,10002,10032
14020,66,10002,10032
13940,28,2,10045
14787,93,1,10041
14929,39,10002,10018
14996,39,10002,10035
14814,null,1,10040
14815,null,1,10040
14044,35,10006,10013
14152,14,2,10043
14153,60,2,10043
14098,70,10012,10049
14099,70,10012,10049
14100,70,10012,10049
14101,70,10012,10049
14102,70,10012,10049
14103,70,10012,10049
14997,39,10002,10035
14293,25,1,10041
14296,39,10002,10018
14297,39,10002,10018
14813,null,1,10040